Tipo,País,Número,Año,Origen,Estado,Autor,Objeto,Tema,Tema 2,Tema 3,Modifica una ley,Ley que modifica,Regula moderación de contenido,Incluye sanciones,Test tripartito
Proyecto de ley,Argentina,1004/26,2026,Senado,En trámite,Alicia Kirchner-Alianza Unión por la Patria,"PROYECTO DE LEY QUE CREA LA COMISIÓN BICAMERAL PERMANENTE DE INTELIGENCIA ARTIFICIAL, DESARROLLO HUMANO Y TRANSFORMACION DIGITAL.",Otros,No aplica,No aplica,No,No aplica,No,No,No aplica
Proyecto de ley,Argentina,996/26,2026,Senado,En trámite,Flavia Royon-Primero Los Salteños,PROYECTO DE LEY QUE CREA LA COMISION BICAMERAL PERMANENTE PARA LA REGULACION ESTRATEGICA E INTEGRAL DE LA INTELIGENCIA ARTIFICIAL (IA).,Otros,No aplica,No aplica,No,No aplica,No,No,No aplica
Proyecto de ley,Argentina,682/26,2026,Senado,En trámite,Ana Inés Marks-Fuerza Patria,REPRODUCE PROYECTO DE LEY DE REGULACIÓN DE LA INTELIGENCIA ARTIFICIAL (REF. S. 2573/24),Marco general,Régimen de responsbailidad,No aplica,No,No aplica,No,No,No aplica
Proyecto de ley,Argentina,517/26,2026,Senado,En trámite,Beatriz Ávila-Juntos por el cambio,"PROYECTO DE LEY QUE ESTABLECE EL MARCO LEGAL PARA LA INVESTIGACIÓN, DESARROLLO, USO Y REGULACIÓN DE LA INTELIGENCIA ARTIFICIAL",Marco general,Régimen de responsbailidad,No aplica,No,No aplica,No,No,No aplica
Proyecto de ley,Argentina,507/26,2026,Senado,En trámite,Beatriz Ávila-Juntos por el cambio,PROYECTO DE LEY QUE REGULA LA APLICACIÓN DE INTELIGENCIA ARTIFICIAL EN LA EDUCACION.,Educación,Protección de datos personales,No aplica,No,No aplica,No,No,No aplica
Proyecto de ley,Argentina,500/26,2026,Senado,En trámite,Maria Victoria Huala-Juntos por el Cambio,REPRODUCE PROYECTO DE LEY DE CAPACITACION ESTATAL OBLIGATORIA EN DATOS E INTELIGENCIA ARTIFICIAL PARA UN GOBIERNO DEL FUTURO. (REF. S. 2205/24),Otros,No aplica,No aplica,No,No aplica,No,No,No aplica
Proyecto de ley,Argentina,442/26,2026,Senado,En trámite,Maria Victoria Huala-Juntos por el Cambio,REPRODUCE PROYECTO DE LEY QUE MODIFICA EL CODIGO PENAL SOBRE DELITOS CON INTERVENCIÓN DE INTELIGENCIA ARTIFICIAL Y OTRAS TECNOLOGÍAS. (REF. S. 992/24),Generación de contenido falso,No aplica,No aplica,Si,Código Penal,No,"Si, penales",No cumple
Proyecto de ley,Argentina,440/26,2026,Senado,En trámite,Maria Victoria Huala-Juntos por el Cambio,REPRODUCE PROYECTO DE LEY SOBRE SELLO DE AGUA EN CONTENIDO AUDIOVISUAL ELABORADO CON INTELIGENCIA ARTIFICIAL EN EL QUE SE REPRESENTAN PERSONAS. (REF. S. 959/24),Identificación de contenido generado por IA,Régimen de responsbailidad,Generación de contenido falso,No,No aplica,Si,"Si, civiles",No cumple
Proyecto de ley,Argentina,254/26,2026,Senado,En trámite,Sergio Flava-Juntos por el Cambio,"REPRODUCE PROYECTO DE LEY QUE ESTABLECE EL MARCO JURIDICO PARA EL DESARROLLO, COMERCIALIZACION, DISTRIBUCION Y UTILIZACION DE LOS SISTEMAS DE INTELIGENCIA ARTIFICIAL (REF. S 2285/24).",Marco general,No aplica,No aplica,No,No aplica,No,"Si, civiles",No aplica
Proyecto de ley,Argentina,2912-D-2026,2026,,,,,,,,,,,,
Proyecto de ley,Argentina,0664-D-2026,2026,Cámara de Diputados,En trámite,Diego Giuliano-Unión por la patria,"Definir el marco legal para el desarrollo, investigación y uso de Inteligencia Artificial dentro del territorio nacional con la finalidad de preservar la protección de los derechos humanos, la privacidad y la seguridad de los ciudadanos y asegurar la democracia y el estado de derecho",Marco general,No aplica,No aplica,No,No aplica,No,No,No aplica
Proyecto de ley,Argentina,0519-D-2026,2026,Cámara de Diputados,En trámite,Marcela Pagano-Coherencia,"Crear el Régimen Nacional de Promoción de la Inteligencia Artificial Aplicada a la Producción (RENIAPRO), con la finalidad de: (a) impulsar la adopción de IA en los sectores productivos estratégicos; (b) crear centros nacionales de IA aplicada; (c) establecer una política de datos abiertos para entrenamiento de modelos; (d) promover la compra pública de soluciones de IA; (e) formar capital humano en IA; (f) impulsar startups de IA productiva; (g) posicionar a la Argentina como hub de IA del Sur Global; y (h) garantizar la soberanía tecnológica nacional en materia de inteligencia artificial.",Marco general,Seguridad,No aplica,No,No aplica,No,No,No cumple
Proyecto de ley,Argentina,0519-D-2026,2026,Cámara de Diputados,En trámite,Marcela Pagano-Coherencia,"Crear el Régimen Nacional de Promoción de la Inteligencia Artificial Aplicada a la Producción (RENIAPRO), con la finalidad de: (a) impulsar la adopción de IA en los sectores productivos estratégicos; (b) crear centros nacionales de IA aplicada; (c) establecer una política de datos abiertos para entrenamiento de modelos; (d) promover la compra pública de soluciones de IA; (e) formar capital humano en IA; (f) impulsar startups de IA productiva; (g) posicionar a la Argentina como hub de IA del Sur Global; y (h) garantizar la soberanía tecnológica nacional en materia de inteligencia artificial.",Marco general,Seguridad,No aplica,No,No aplica,No,No,No cumple
Proyecto de ley,Argentina,6656-D-2025,2025,Diputados,En trámite,Pamela Calletti,"EDUCACION NACIONAL - LEY 26206 - MODIFICACIONES INCORPORANDO LA EDUCACION EN INTELIGENCIA ARTIFICIAL EN LA CURRICULA ESCOLAR DE LA EDUCACION INICIAL, PRIMARIA Y SECUNDARIA.",Educación,No aplica,No aplica,Si,"Ley N°26.206, deEducación Nacional",No,No,No aplica
Proyecto de ley,Argentina,1901/25,2025,Senado,En trámite,Beatriz Ávila-Juntos por el cambio,"MODIFICA SU SIMILAR 24.841 - PATENTES DE INVENCION -, RESPECTO DE LAS PATENTES DESARROLLADAS CON UTILIZACION DE INTELIGENCIA ARTIFICIAL.",Propiedad intelectual,No aplica,No aplica,Si,Ley N° 24.481,No,No,No aplica
Proyecto de ley,Argentina,1517/25,2025,Senado,En trámite,Maria Victoria Huala-Juntos por el cambio,"Establece las bases para la realización de campañas nacionales masivas de concientización, información y promoción del uso ético, seguro y reflexivo de la inteligencia artificial (IA) y nuevas tecnologías, destinadas a estudiantes, docentes, familias y comunidades educativas en general, en todos los niveles del sistema educativo nacional.",Educación,No aplica,No aplica,No,No aplica,No,No,No aplica
Proyecto de ley,Argentina,1378/25,2025,Senado,En trámite,Mónica Silva-Juntos somos Río Negro,Integración IA en la ley de educación nacional,Educación,No aplica,No aplica,Si,Ley 26206,No,No,No aplica
Proyecto de ley,Argentina,1099/25,2025,Senado,En trámite,Juan Carlos Romero-Partido justicialista,"Créase el Plan Nacional de Alfabetización en Inteligencia Artificial con el objeto de promover el acceso a los conocimientos básicos de la Inteligencia Artificial (IA), que incluyen los fundamentos técnicos, éticos y prácticos de su uso, aplicados para la adquisición de habilidades necesarias para potenciar la empleabilidad y autonomía de las personas",Educación,No aplica,No aplica,No,No aplica,No,No,No aplica
Proyecto de ley,Argentina,2903-D-2025,2025,Cámara de Diputados,En trámite,Danya Tavela-Democracia para siempre,Establecer un marco legal para la implementación de sistemas de Inteligencia Artificial por parte de la Administración Pública Nacional,Marco general,Protección de datos personales,No aplica,No,No aplica,No,No,No aplica
Proyecto de ley,Argentina,0604-S-2025,2025,Senado,En trámite,Maria Huala-Propuesta Republicana,"Asegurar la incorporación a la enseñanza y el aprendizaje de contenidos relacionados con la Tecnología digital, la Inteligencia Artificial (IA), datos, robótica y programación, en la currícula educativa de todos los niveles y modalidades del Sistema Educativo Nacional, con el fin de promover el desarrollo de competencias digitales y tecnológicas en los estudiantes",Educación,No aplica,No aplica,No,No aplica,No,No,No aplica
Proyecto de ley,Argentina,1937-D-2025,2025,Cámara de Diputados,En trámite,Gabriel Chumpitaz-Pro,"Regular el desarrollo, implementación y uso de la inteligencia artificial (IA) en el territorio nacional, garantizando la protección de los derechos fundamentales de las personas, en particular la protección de sus datos personales, y promoviendo un entorno seguro, ético, transparente e inclusivo para la innovación tecnológica",Marco general,Protección de datos personales,No aplica,No,No aplica,No,"Si, civiles",No aplica
Proyecto de ley,Argentina,2130-D-2025,2025,Cámara de Diputados,En trámite,Daniel Gollan-Unión por la patria,"Establecer un marco legal para el desarrollo, implementación y uso responsable de sistemas de inteligencia artificial (IA) en Argentina",Marco general,Protección de datos personales,Generación de contenido falso,Si,"Código civil, código penal y ley de datos personales",No,Ambas,No cumple
Proyecto de ley,Argentina,0253-D-2026,2026,Cámara de Diputados,En trámite,Marcela Pagano-Coherencia,"Establece el marco jurídico integral para el desarrollo, adopción, regulación y supervisión de sistemas de inteligencia artificial (IA) en la República Argentina",Marco general,Régimen de responsbailidad,No aplica,Si,Código penal,No,Ambas,Cumple
Proyecto de ley,Argentina,0005-D-2026,2026,Cámara de Diputados,En trámite,Silvana Giudici-La libertad avanza,Creación delito uso indebido de datos personales,Protección de datos personales,No aplica,No aplica,Si,Código penal,No,"Si, penales",No cumple
Proyecto de ley,Argentina,0004-D-2026,2026,Cámara de Diputados,En trámite,Silvana Giudici-La libertad avanza,"Promover el fomento, el desarrollo, la innovación e implementación de Sistemas de Inteligencia Artificial en la República Argentina en un marco de respeto de los derechos consagrados en la Constitución Nacional y los Tratados Internacionales sobre Derechos Humanos que a ella se integran",Marco general,Identificación de contenido generado por IA,No aplica,No,No aplica,No,No,No aplica
Proyecto de ley,Argentina,6656-D-2025,2025,Cámara de Diputados,En trámite,Pamela Calletti-Innovación Federal,"Incorpora la educación en IA en la currícula escolar de la educación incial, primaria y secundaria",Educación,No aplica,No aplica,Si,Ley 26206,No,No,No aplica
Proyecto de ley,Argentina,6655-D-2025,2025,Cámara de Diputados,En trámite,Pamela Calletti-Innovación Federal,"Asegurar equidad,transparencia y rendición de cuentas en los algoritmos utilizados en decisionesautomatizadas, asegurando su uso ético y no discriminatorio",Marco general,Régimen de responsbailidad,No aplica,No,No aplica,No,Ambas,No aplica
Proyecto de ley,Argentina,6653-D-2025,2025,Cámara de Diputados,En trámite,Pamela Calletti-Innovación Federal,Prevenir y sancionar la difusión de información manipulada o falsa mediante tecnologías digitales avanzadas durante procesos electorales,Electoral,Generación de contenido falso,Régimen de responsbailidad,Si,Codigo nacional electoral,No,"Si, penales",No cumple
Proyecto de ley,Argentina,6604-D-2025,2025,Cámara de Diputados,En trámite,Luana Volnovich-Unión por la patria,"Evitar la manipulación de la opinión, voluntad y decisión de los ciudadanos en los procesos electorales por medio de contenidos en formato de texto, audio o video creados con Inteligencia Artificial (IA) en general y mediante Inteligencia Artificial Generativa (IAGen) en particular.",,,,,,,,
Proyecto de ley,Argentina,2300-D-2025,2025,Cámara de Diputados,En trámite,Manuel Aguirre-Democracia para todos,"Protección de la privacidad, la dignidad y los derechos fundamentales de las personas frente a la manipulación de imágenes a través de la inteligencia artificial (IA) que alteren su imagen en situaciones de desnudez no consentida o en contextos difamatorios.",Generación de imágenes íntimas no consentidas,No aplica,No aplica,Si,Código penal,Si,"Si, penales",No cumple
Proyecto de ley,Argentina,2578-D-2025,2025,Cámara de Diputados,En trámite,Oscar Agost-Encuentro Republicano Federal,"Créase en el ámbito del Congreso de la Nación la Comisión Bicameral de Seguimiento de la Inteligencia Artificial. Esta comisión tendrá por objeto monitorear, analizar y proponer iniciativas legislativas relacionadas con el desarrollo, implementación y regulación de la inteligencia artificial en la República Argentina",Otros,No aplica,No aplica,No,No aplica,No,No,No aplica
Proyecto de ley,Argentina,0070-S-2025,2025,Senado,En trámite,Juan Carlos Romero-Cambio Federal,Reproducción del expediente S2469/23,Generación de imágenes íntimas no consentidas,Protección de la niñez,No aplica,Si,Código penal,No,"Si, penales",No cumple
Proyecto de ley,Argentina,71/25,2025,Senado,En trámite,Juan Carlos Romero-Cambio Federal,Reproducción proyecto 1747/2023,Marco general,No aplica,No aplica,No,No aplica,No,No,No aplica
Proyecto de ley,Argentina,78/25,2025,Senado,En trámite,Eduardo Galaretto-Unión Cívica Radical,"Declarar de interés la 1ª edición de la Conferencia de Inteligencia Artificial de Rosario (ConfIAR 2025), que se llevará a cabo el 7 de marzo de este año a las 18 hs, en la explanada del Museo Municipal de Bellas Artes Juan B. Castagnino, organizada por el Instituto de Inteligencia Artificial del Colegio de Abogados de Rosario, 2da circunscripción, provincia de Santa Fe.",Otros,No aplica,No aplica,No,No aplica,No,No,No aplica
Proyecto de ley,Argentina,0345-D-2025,2025,Cámara de Diputados,En trámite,Pamela Calletti-Innovación Federal,"Créase el Consejo Federal de Inteligencia Artificial, en adelante “el Consejo”, que tendrá como tarea principal y misión incentivar y promover la investigación, estudio, concientización, sensibilización y difusión de información pertinente sobre temáticas relacionadas a la Inteligencia Artificial (en adelante I.A.)",Otros,No aplica,No aplica,No,No aplica,No,No,No aplica
Proyecto de ley,Argentina,511/25,2025,Senado,En trámite,Silvia Sapag-Movimiento Popular Neuquino,"Promover la creación, desarrollo, innovación e implementación de sistemas de inteligencia artificial (IA) respetuosos de la democracia, el Estado de Derecho y los derechos humanos",Marco general,No aplica,No aplica,No,No aplica,No,No,No aplica
Proyecto de ley,Argentina,556/25,2025,Senado,En trámite,Silvina García-Frente para la victoria,"Créase el Instituto Nacional de Inteligencia Artificial (INIA), el cual se constituirá como un organismo descentralizado que funcionará bajo la órbita de la Secretaría de Innovación, Ciencia y Tecnología, o el organismo que en el futuro la reemplace.",Otros,No aplica,No aplica,No,No aplica,No,No,No aplica
Proyecto de ley,Argentina,2573-S-2024,2024,Senado,En trámite,Juan Carlos Romero-Cambio Federal,Reproducción del expediente S2469/23,Generación de imágenes íntimas no consentidas,Protección de la niñez,No aplica,No,No aplica,No,"Si, penales",No cumple
Proyecto de ley,Argentina,992/2024,2024,Senado,En trámite,Maria Victoria Huala-Juntos por el Cambio,REPRODUCE PROYECTO DE LEY QUE MODIFICA EL CODIGO PENAL SOBRE DELITOS CON INTERVENCIÓN DE INTELIGENCIA ARTIFICIAL Y OTRAS TECNOLOGÍAS. (REF. S. 992/24),Generación de contenido falso,No aplica,No aplica,Si,Código Penal,No,"Si, penales",No cumple
Proyecto de ley,Argentina,2405/2024,2024,Senado,En trámite,Sergio Leavy-Partido de la victoria,Crear en el ámbito del Congreso de la Nación la Comisión Bicameral para la Regulación Estratégica e Integral de la Inteligencia Artificial (IA).,Otros,No aplica,No aplica,No,No aplica,No,No,No aplica
Proyecto de ley,Argentina,7225-D-2024,2024,Cámara de Diputados,En trámite,María Alianiello-Partido Justicialista,INCORPORACION DE LOS ARTICULOS 128 BIS Y 131 BIS EN EL CÓDIGO PENAL SOBRE EL USO DE TECNICAS DE INTELIGENCIA ARTIFICIAL PARA LA DIFUSION DE IMAGENES DE CONTENIDO SEXUAL.,Generación de imágenes íntimas no consentidas,Protección de la niñez,No aplica,No,No aplica,Si,"Si, penales",No cumple
Proyecto de ley,Argentina,7045-D-2024,2024,Cámara de Diputados,En trámite,Pamela Calletti-Innovación Federal,DEFENSA DEL CONSUMIDOR - LEY 24240 - MODIFICACIONES SOBRE INFORMACION Y RESPONSABILIDAD DE PROVEEDORES EN EL USO DE LA INTELIGENCIA ARTIFICIAL,Derecho del consumidor,Régimen de responsbailidad,No aplica,Si,Ley del consumidor,No,"Si, civiles",No cumple
Proyecto de ley,Argentina,2285/24,2024,Senado,En trámite,Flavio Fama-Unión Cívica Radical,"PROYECTO DE LEY QUE ESTABLECE UN MARCO JURIDICO PARA EL DESARROLLO, COMERCIALIZACION, DISTRIBUCION Y UTILIZACION DE LOS SISTEMAS DE INTELIGENCIA ARTIFICIAL",Marco general,No aplica,No aplica,Si,Código penal,No,Ambas,No cumple
Proyecto de ley,Argentina,7009-D-2024,2024,Cámara de Diputados,En trámite,Silvana Giudici-Propuesta Republicana y otros,"INCORPORACION DEL ARTICULO 117 TER EN EL CÓDIGO PENAL, SOBRE USO INDEBIDO DE DATOS PERSONALES",Protección de datos personales,Generación de contenido falso,Generación de imágenes íntimas no consentidas,Si,Código penal,No,"Si, penales",No cumple
Proyecto de ley,Argentina,6156-D-2024,2024,Cámara de Diputados,En trámite,Diego Giuliano-Frente Renovador y otros,"Definir el marco legal para el desarrollo, investigación y uso de Inteligencia Artificial dentro del territorio nacional con la finalidad de preservar la protección de los derechos humanos, la privacidad y la seguridad de los ciudadanos y asegurar la democracia y el estado de derecho",Marco general,No aplica,No aplica,No,No aplica,No,No,No aplica
Proyecto de ley,Argentina,5327-D-2024,2024,Cámara de Diputados,En trámite,Gabriel Bornoroni-La Libertad Avanza,CODIGO PENAL DE LA NACION - LEY 11179 - INCORPORACION DEL ARTICULO 128 BIS SOBRE PRODUCCION O DISTRIBUCION DE FOTOGRAFIAS O VIDEOS DE ABUSO INFANTIL GENERADAS POR INTELIGENCIA ARTIFICIAL,Generación de imágenes íntimas no consentidas,Protección de la niñez,No aplica,Si,Código penal,No,"Si, penales",Cumple
Proyecto de ley,Argentina,5065-D-2024,2024,Cámara de Diputados,En trámite,Martin Yeza-Propuesta Republicana,CODIGO PENAL DE LA NACION - LEY 11179 -. MODIFICACIONES SOBRE VIOLENCIA DIGITAL,Violencia digital,Protección de datos personales,No aplica,Si,Código penal,No,"Si, penales",Cumple
Proyecto de ley,Argentina,4898-D-2024,2024,Cámara de Diputados,En trámite,Yolanda Vega-Innovación Federal,DEFENSA DEL CONSUMIDOR - LEY 24240 -. MODIFICACIONES SOBRE PROVEEDORES DE BIENES Y SERVICIOS UTILIZANDO INTELIGENCIA ARTIFICIAL - IA,Derecho del consumidor,Régimen de responsbailidad,No aplica,Si,Ley de defensa del consumidor,No,No,No aplica
Proyecto de ley,Argentina,1370/2024,2024,Senado,En trámite,Beatriz Avila-Partido por la Justicia Social,REGULA LA APLICACIÓN DE INTELIGENCIA ARTIFICIAL EN LA EDUCACION,Educación,No aplica,No aplica,No,No aplica,No,No,No aplica
Proyecto de ley,Argentina,1368/2024,2024,Senado,En trámite,Beatriz Avila-Partido por la Justicia Social,"PROYECTO DE LEY QUE ESTABLECE EL MARCO LEGAL PARA LA INVESTIGACIÓN, DESARROLLO, USO Y REGULACIÓN DE LA INTELIGENCIA ARTIFICIAL",Marco general,Régimen de responsbailidad,No aplica,No,No aplica,No,"Si, civiles",No cumple
Proyecto de ley,Argentina,3955-D-2024,2024,Cámara de Diputados,En trámite,Juan Brügge-Encuentro Republicano Federal,CODIGO PENAL DE LA NACION - LEY 11179 - MODIFICACIONES SOBRE EL USO DE LA INTELIGENCIA ARTIFICIAL PARA CREACION O MANIPULACION DE CONTENIDOS AUDIOVISUALES,Generación de contenido falso,Generación de imágenes íntimas no consentidas,No aplica,Si,Código penal,No,"Si, penales",Cumple
Proyecto de ley,Argentina,3900-D-2024,2024,Cámara de Diputados,En trámite,Silvana Ginocchio-Partido Justicialista,CREACION DEL OBSERVATORIO FEDERAL SOBRE INTELIGENCIA ARTIFICIAL -O.F.I.A- EN EL AMBITO DEL PODER EJECUTIVO NACIONAL,Otros,No aplica,No aplica,No,No aplica,No,No,No aplica
Proyecto de ley,Argentina,1181/2024,2024,Senado,En trámite,Ezequiel Atauche-Partido Renovador Federal,"Regular toda publicidad y/o propaganda gráfica, digital y/o audiovisual, que retoque a la persona humana mediante cualquier herramienta de edición digital, incluyendo la utilización de inteligencia artificial, con el fin de: garantizar transparencia, información adecuada y veraz, proteger la salud de los consumidores, y evitar la difusión de información engañosa",Identificación de contenido generado por IA,Derecho del consumidor,Régimen de responsbailidad,Si,Ley de defensa del consumidor,No,No,No aplica
Proyecto de ley,Argentina,3422-D-2024,2024,Cámara de Diputados,En trámite,Martin Yeza-Propuesta Republicana,"SISTEMA DE ENTORNOS REGULATORIOS EXPERIMENTALES, DENOMINADOS ""SANDBOX REGULATORIOS""",Otros,No aplica,No aplica,No,No aplica,No,No,No aplica
Proyecto de ley,Argentina,3003-D-2024,2024,Cámara de Diputados,En trámite,Juan Brügge-Encuentro Republicano Federal,RÉGIMEN JURIDICO APLICABLE PARA EL USO RESPONSABLE DE LA INTELIGENCIA ARTIFICIAL EN LA REPÚBLICA ARGENTINA,Marco general,Régimen de responsbailidad,No aplica,No,No aplica,No,"Si, civiles",No aplica
Proyecto de ley,Argentina,959/24,2024,Senado,En trámite,Maria Huala-Juntos por el Cambio,SELLO DE AGUA EN CONTENIDO AUDIOVISUAL ELABORADO CON INTELIGENCIA ARTIFICIAL EN EL QUE SE REPRESENTAN PERSONAS,Identificación de contenido generado por IA,Régimen de responsbailidad,Generación de contenido falso,No,No aplica,Si,"Si, civiles",No cumple
Proyecto de ley,Argentina,2205/2024,2024,Senado,Reproducido 2026,Maria Victoria Huala-Juntos por el Cambio,REPRODUCE PROYECTO DE LEY DE CAPACITACION ESTATAL OBLIGATORIA EN DATOS E INTELIGENCIA ARTIFICIAL PARA UN GOBIERNO DEL FUTURO. (REF. S. 2205/24),Otros,No aplica,No aplica,No,No aplica,No,No,No aplica
Proyecto de ley,Argentina,1013-D-2024,2024,Cámara de Diputados,En trámite,Oscar Agost-Encuentro Republicano Federal y otros,READECUACION DEL SISTEMA LEGAL ARGENTINO POR EL IMPACTO DE LA INTELIGENCIA ARTIFICIAL. CODIGO CIVIL Y COMERCIAL DE LA NACION. PROPIEDAD INTELECTUAL - LEY 11723 -. CODIGO PENAL DE LA NACION. DATOS PERSONALES - LEY 25326,Propiedad intelectual,Generación de contenido falso,Protección de datos personales,Si,"Código civil, código comercial y código penal",No,"Si, penales",No cumple
Proyecto de ley,Argentina,0805-D-2024,2024,Cámara de Diputados,En trámite,Maximiliano Ferraro-Coalición Cívica ARI,"RESPONSABILIDAD ALGORITMICA Y PROMOCION DE LA ROBOTICA, ALGORITMOS VERDES E INTELIGENCIA ARTIFICIAL EN LA REPUBLICA ARGENTINA",Marco general,No aplica,No aplica,No,No aplica,No,No,No aplica
Proyecto de ley,Argentina,1747/23,2023,Senado,En trámite,Juan Carlos Romero-Cambio Federal,"DISPONE CONTROLAR EL DESARROLLO, IMPLEMENTACIÓN Y UTILIZACIÓN DE SISTEMAS BASADOS EN INTELIGENCIA ARTIFICIAL, DENTRO DEL TERRITORIO ARGENTINO",Marco general,No aplica,No aplica,No,No aplica,No,No,No aplica
Proyecto de ley,Argentina,2469/23,2023,Senado,En trámite,Juan Carlos Romero-Cambio Federal,"MODIFICA EL ART. 128 DEL CODIGO PENAL, RESPECTO DE SANCIONAR DELITOS CONTRA LA INTEGRIDAD SEXUAL A TRAVES DEL USO DE INTELIGENCIA ARTIFICIAL (IA) O CUALQUIER MECANISMO TECNOLÓGICO",Generación de imágenes íntimas no consentidas,Protección de la niñez,No aplica,Si,Código penal,No,"Si, penales",No cumple
Proyecto de ley,Argentina,4436-D-2023,2023,Cámara de Diputados,En trámite,Silvia Lospennato-Propuesta Republicana,"CODIGO PENAL.MODIFICACION DEL ARTICULO 128, SOBRE EL USO DE TECNICAS DE INTELIGENCIA ARTIFICIAL PARA LA DIFUSION DE IMAGENES DE CONTENIDO SEXUAL",Generación de imágenes íntimas no consentidas,Protección de la niñez,No aplica,Si,Código penal,No,"Si, penales",No cumple
Proyecto de ley,Argentina,4411-D-2023,2023,Cámara de Diputados,En trámite,Gerardo Milman-Propuesta Republicana,"CODIGO PENAL.MODIFICACION DEL ARTICULO 128, SOBRE EL USO DE TECNICAS DE INTELIGENCIA ARTIFICIAL PARA LA DIFUSION DE IMAGENES DE CONTENIDO SEXUAL.",Generación de imágenes íntimas no consentidas,Protección de la niñez,No aplica,Si,Código penal,No,"Si, penales",No cumple
Proyecto de ley,Argentina,4410-D-2023,2023,Cámara de Diputados,En trámite,Gerardo Milman-Propuesta Republicana,"OLIMPIA - LEY 27736 - MODIFICACION DEL ARTICULO 4, INCORPORANDO LA UTILIZACION DE LA INTELIGENCIA ARTIFICIAL PARA LA DIFUSION DE IMAGENES DE CONTENIDO SEXUAL",Violencia digital,Generación de imágenes íntimas no consentidas,No aplica,No,No aplica,No,No,No aplica
Proyecto de ley,Argentina,4329-D-2023,2023,Cámara de Diputados,En trámite,,REGULACION Y USO DE LA INTELIGENCIA ARTIFICIAL,Marco general,No aplica,No aplica,No,No aplica,No,"Si, civiles",No cumple
Proyecto de ley,Argentina,2505-D-2023,2023,Cámara de Diputados,En trámite,,Marco legal para la regulación del desarrollo y uso de la Inteligencia Artificial,Marco general,Régimen de responsbailidad,No aplica,No,No aplica,No,"Si, civiles",No cumple
Proyecto de ley,Argentina,2504-D-2023,2023,Cámara de Diputados,En trámite,,Ley de Regulación y Uso de la Inteligencia Artificial en la Educación,Marco general,No aplica,No aplica,No,No aplica,No,No,No aplica
Proyecto de ley,Argentina,1472-D-2023,2023,Cámara de Diputados,En trámite,,Regular el funcionamiento ético de los sistemas de Inteligencia Artificial,Marco general,No aplica,No aplica,Si,"Ley sistema nacional de ciencia, tecnología e innovación",No,No,No aplica
Proyecto de ley,Argentina,3161-D-2023,2023,Cámara de Diputados,En trámite,,CREACION DEL CONSEJO FEDERAL DE INTELIGENCIA ARTIFICIAL,Marco general,No aplica,No aplica,No,No aplica,No,No,No aplica
Proyecto de ley,Argentina,1747/23,2023,Senado,En trámite,,"PROYECTO DE LEY QUE DISPONE CONTROLAR EL DESARROLLO, IMPLEMENTACIÓN Y UTILIZACIÓN DE SISTEMAS BASADOS EN INTELIGENCIA ARTIFICIAL, DENTRO DEL TERRITORIO ARGENTINO.",Marco general,No aplica,No aplica,No,No aplica,No,No,No aplica
Proyecto de ley,Brasil,PL 1443/2026,2026,Cámara de Diputados,Presentado,Ana Paula Lima - PT/SC,"Establece medidas de prevención y responsabilidad en el uso de sistemas de inteligencia artificial generativa para la creación de contenido sintético sin consentimiento, y adopta otras disposiciones",Generación de contenido falso,Violencia digital,Régimen de responsbailidad,No,No aplica,Si,Ambas,No cumple
Proyecto de ley,Brasil,PL 1440/2026,2026,Cámara de Diputados,Presentado,"Erika Hilton - PSOL/SP , Benedita da Silva - PT/RJ , Jack Rocha - PT/ES e outros","Modifica la Ley n.º 14.192, de 4 de agosto de 2021, para regular la lucha contra la violencia política por motivos de género y raza, incluso en los medios digitales, y establece otras disposiciones",Violencia digital,No aplica,No aplica,Si,Ley n.º 14.192,No,No,Cumple
Proyecto de ley,Brasil,PL 1309/2026,2026,Cámara de Diputados,Presentado,Jadyel Alencar - REPUBLIC/PI,"Establece una clasificación diferenciada de la vigilancia electrónica aplicada a personas investigadas o condenadas por delitos de violencia contra la mujer y delitos de naturaleza sexual, y adopta otras medidas",Seguridad,No aplica,No aplica,No,No aplica,No,No,No aplica
Proyecto de ley,Brasil,PL 1304/2026,2026,Cámara de Diputados,Presentado,Max Lemos - PDT/RJ,"Se crea el Sistema Nacional de Prevención y Lucha contra el Feminicidio (SINAPEF), basado en la protección preventiva de las mujeres en situación de riesgo, con una respuesta comunitaria coordinada, tecnología integrada, inteligencia de datos, evaluación de riesgos validada científicamente, seguimiento preventivo de los agresores y protección digital de la víctima, con el fin de impedir que se produzcan los delitos de feminicidio y garantizar la protección integral de la mujer",Seguridad,No aplica,No aplica,No,No aplica,No,No,No aplica
Proyecto de ley,Brasil,PL 1395/2026,2026,Cámara de Diputados,Presentado,Guilherme Uchoa - PSB/PE,"Modifica la Ley n.º 14.192, de 4 de agosto de 2021, para regular la lucha contra la violencia política por motivos de género y raza, incluso en los medios digitales, y establece otras disposiciones",Seguridad,No aplica,No aplica,No,No aplica,No,No,No aplica
Proyecto de ley,Brasil,PL 1356/2026,2026,Cámara de Diputados,Presentado,Arlindo Chinaglia - PT/SP,"Establece la Ley General de Potenciación de los Datos, regula el Ecosistema Brasileño de Monetización de Datos, modifica las Leyes n.º 10.406, de 10 de enero de 2002, n.º 10.833, de 29 de diciembre de 2000, n.º 12.965, de 23 de abril de 2014, y n.º 13.709, de 14 de agosto de 2018, y establece otras disposiciones",Otros,No aplica,No aplica,Si,"Leyes n.º 10.406, n.º 10.833, n.º 12.965 y n.º 13.709",No,No,No aplica
Proyecto de ley,Brasil,PL 1254/2026,2026,Cámara de Diputados,Presentado,Helder Salomão - PT/ES,"Modifica la Ley n.º 8.080, de 19 de septiembre de 1990 (Ley Orgánica de la Salud), con el fin de regular la aplicación de las tecnologías de inteligencia artificial en el ámbito sanitario y prohibir el uso de aquellas herramientas que simulen de forma realista la actuación de los profesionales sanitarios",Otros,No aplica,No aplica,Si,Ley n.º 8.080,No,No,No aplica
Proyecto de ley,Brasil,PL 1225/2026,2026,Cámara de Diputados,Presentado,Ana Paula Lima - PT/SC,"Regula el uso de sistemas de reconocimiento facial y otras tecnologías biométricas en los centros de enseñanza de educación básica; establece requisitos en materia de consentimiento, transparencia algorítmica y protección de datos de niños y adolescentes; prohíbe la vinculación automática de los registros de asistencia generados por algoritmos con los sistemas de prestaciones sociales; y adopta otras medidas",Protección de datos personales,No aplica,No aplica,No,No aplica,No,"Si, civiles",No aplica
Proyecto de ley,Brasil,PL 1175/2026,2026,Cámara de Diputados,Presentado,Caroline de Toni - PL/SC,"Altera a Lei nº 9.503, de 23 de setembro de 1997 (Código de Trânsito Brasileiro), para vedar a utilização de drones, satélites e sistemas baseados em inteligência artificial para aplicação exclusiva de multas de trânsito",Otros,No aplica,No aplica,No,No aplica,No,No,No aplica
Proyecto de ley,Brasil,PL 6674/2026,2026,Senado,A la espera de su remisión para sanción,Daniella Ribeiro - PP/PB,Se crea el programa «Antes de que suceda»,Seguridad,No aplica,No aplica,No,No aplica,No,No,No aplica
Proyecto de ley,Brasil,PL 1145/2026,2026,Cámara de Diputados,Presentado,Carol Dartora - PT/PR,"Regula la prevención, la lucha y la responsabilidad por los actos de incitación, promoción, financiación, organización y difusión de discursos y prácticas misóginas en las redes sociales y las aplicaciones digitales, incluso cuando se dirigen de forma discriminatoria por motivos raciales contra mujeres negras, indígenas, quilombolas e inmigrantes, y establece medidas de protección, educación digital y responsabilidad civil en el entorno en línea",Violencia digital,Régimen de responsbailidad,No aplica,No,No aplica,Si,Ambas,No cumple
Proyecto de ley,Brasil,PL 1130/2026,2026,Cámara de Diputados,Presentado,Capitão Alden - PL/BA,"Modifica el Decreto-Ley n.º 3.689, de 3 de octubre de 1941 (Código de Procedimiento Penal), con el fin de reforzar la garantía de motivación de las resoluciones judiciales y establecer límites al uso de sistemas automatizados o de inteligencia artificial en los procesos relacionados con delitos contra la dignidad sexual o delitos cometidos contra menores",Seguridad,No aplica,No aplica,Si,Decreto-Ley n.º 3.689 (Código de procedimiento penal),No,No,No aplica
Proyecto de ley,Brasil,PL 1074/2026,2026,Cámara de Diputados,A la espera de la resolución del presidente de la Cámara de Diputados,Caio Vianna - PSD/RJ,"Establece medidas de fomento para el desarrollo de sistemas de inteligencia artificial brasileños; modifica la Ley n.º 11.196, de 21 de noviembre de 2005, y la Ley n.º 11.540, de 12 de noviembre de 2007",Marco general,No aplica,No aplica,Si,Ley n.º 11.196 y la Ley n.º 11.540,No,No,No aplica
Proyecto de ley,Brasil,PL 974/2026,2026,Cámara de Diputados,A la espera de la resolución del presidente de la Cámara de Diputados,Rodrigo Gambale - PODE/SP,Establece criterios de gobernanza para los agentes de inteligencia artificial y modifica la Ley n.º 12.965/2014 (Marco Civil de Internet) y la Ley n.º 13.709/2018 (Ley General de Protección de Datos Personales),Marco general,Protección de datos personales,No aplica,Si,Ley n.º 12.965/2014 y Ley n.º 13.709/2018,No,No,No aplica
Proyecto de ley,Brasil,PL 904/2026,2026,Cámara de Diputados,A la espera de la resolución del presidente de la Cámara de Diputados,Rubens Pereira Júnior - PT/MA,"Establece normas de responsabilidad, transparencia y auditabilidad para los sistemas de inteligencia artificial de gran impacto y adopta otras medidas",Marco general,Régimen de responsbailidad,No aplica,No,No aplica,No,No,No aplica
Proyecto de ley,Brasil,PL 762/2026,2026,Cámara de Diputados,"Adscrito al PL 7132/2025 - A la espera del dictamen del ponente de la Comisión Especial encargada de emitir un dictamen sobre el proyecto de ley n.º 2338, de 2023, del Senado Federal, que «regula el desarrollo, el fomento y el uso ético y responsable de la inteligencia artificial basándose en la centralidad de la persona humana» (PL233823)",Rubens Pereira Júnior - PT/MA,Establece un marco normativo para los sistemas de inteligencia artificial (IA) en sectores de alto impacto y adopta otras medidas,Marco general,Protección de datos personales,Régimen de responsbailidad,Si,"Lei nº 13.709, a Lei nº 12.965 y la Lei nº 8.078",No,"Si, civiles",Cumple
Proyecto de ley,Brasil,PL 750/2026,2026,Senado,"Reviso la resolución adjunta al proyecto de ley 750/2026 para desvincularlo del proyecto de ley 6674/2025 y remitirlo a las Comisiones de Ciencia, Tecnología e Innovación; Defensa de los Derechos de la Mujer",Eduardo Braga - MDB/AM,"Establece, en el marco del Programa «Antes de que suceda», el Programa Nacional de Seguimiento de Agresores mediante Tecnología de Inteligencia Artificial (PNM-IA), con el fin de prevenir la violencia doméstica, garantizar la eficacia de las medidas de protección de urgencia, ampliar la protección de las víctimas mediante el uso de tecnologías digitales e inteligencia artificial, y respaldar la actuación preventiva y represiva de los organismos de seguridad pública, del Ministerio Público y del Poder Judicial.",Seguridad,No aplica,No aplica,No,No aplica,No,No,No aplica
Proyecto de ley,Brasil,PL 704/2026,2026,Cámara de Diputados,"Adscrito al PL 4358/2025 - A la espera del dictamen del ponente de la Comisión Especial encargada de emitir un dictamen sobre el proyecto de ley n.º 2338, de 2023, del Senado Federal, que «regula el desarrollo, el fomento y el uso ético y responsable de la inteligencia artificial basándose en la centralidad de la persona humana» (PL233823)",Duda Ramos - MDB/RR,"Establece las prioridades estructurales para el desarrollo, la implementación y el uso de la inteligencia artificial en Brasil, define la lucha contra la corrupción y la reducción de las desigualdades sociales como eje central de la tecnología, y adopta otras medidas.",Marco general,No aplica,No aplica,No,No aplica,No,No,No aplica
Proyecto de ley,Brasil,PL 649/2026,2026,Cámara de Diputados,A la espera de la resolución del presidente de la Cámara de Diputados,Marcos Tavares - PDT/RJ,"Establece la obligatoriedad del uso de cámaras corporales y de vehículos equipadas con inteligencia artificial para el reconocimiento facial y la lectura automática de matrículas, integradas exclusivamente en bases de datos oficiales de órdenes de detención y restricciones judiciales; establece normas de gobernanza algorítmica, protección de datos, auditoría independiente y responsabilidad funcional, y adopta otras medidas",Seguridad,No aplica,No aplica,No,No aplica,No,No,No aplica
Proyecto de ley,Brasil,PL 453/2026,2026,Cámara de Diputados,"Adscrito al PL 6326/2025 - A la espera del dictamen del ponente de la Comisión Especial encargada de emitir un dictamen sobre el proyecto de ley n.º 2338, de 2023, del Senado Federal, que «regula el desarrollo, el fomento y el uso ético y responsable de la inteligencia artificial basándose en la centralidad de la persona humana» (PL233823)",Pastor Sargento Isidório - AVANTE/BA,"Establece la obligación de incluir un sello, una marca de agua o un aviso visible en los vídeos, imágenes, audios y demás contenidos digitales producidos total o parcialmente por sistemas de inteligencia artificial y difundidos en Brasil, incluso en redes sociales, plataformas digitales y aplicaciones de mensajería, con el objetivo de prevenir la desinformación, proteger la honor, la imagen y la privacidad de los ciudadanos, así como para frenar los usos nocivos de la tecnología, y establece otras disposiciones",Identificación de contenido generado por IA,Régimen de responsbailidad,Noticias falsas,No,No aplica,Si,"Si, civiles",No cumple
Proyecto de ley,Brasil,PL 450/2026,2026,Cámara de Diputados,A la espera de que se designe al ponente en la Comisión de Comunicación (CCOM),Rubens Pereira Júnior - PT/MA,"Establece obligaciones en materia de transparencia, conservación de registros y etiquetado de contenidos políticos generados o difundidos por algoritmos durante el período electoral, y adopta otras medidas",Identificación de contenido generado por IA,Electoral,Régimen de responsbailidad,Si,"Lei nº 4.737, a Lei nº 9.504, a Lei nº 12.965 e a Lei nº 13.709",Si,Ambas,No cumple
Proyecto de ley,Brasil,PL 428/2026,2026,Cámara de Diputados,"Adscrito al proyecto de ley 3800/2023 - A la espera de que se designe un ponente en la Comisión de Constitución, Justicia y Ciudadanía (CCJC)",Chris Tonietto - PL/RJ,"Modifica el apartado 2-A del artículo 171 del Decreto-Ley n.º 2.848, de 7 de diciembre de 1940 (Código Penal), de modo que pasa a tipificar como modalidad de fraude electrónico aquel cometido mediante el uso de imágenes, vídeos o audios generados por inteligencia artificial",Generación de contenido falso,No aplica,No aplica,Si,Decreto-Lei nº 2.848 (código penal),No,"Si, penales",No cumple
Proyecto de ley,Brasil,PL 323/2026,2026,Cámara de Diputados,A la espera de que se designe al ponente en la Comisión de Comunicación (CCOM),Heloísa Helena - REDE/RJ,"Se crea el Fondo Nacional para la Innovación, el Desarrollo, la Difusión y la Universalización de la Educación Digital y la Inteligencia Artificial (FinEducaDigital)",Educación,No aplica,No aplica,No,No aplica,No,No,No aplica
Proyecto de ley,Brasil,PL 240/2026,2026,Cámara de Diputados,"A la espera del dictamen del ponente de la Comisión de Agricultura, Ganadería, Abastecimiento y Desarrollo Rural (CAPADR)",Carlos Henrique Gaguim - UNIÃO/TO,"Modifica la Ley n.º 11.326, de 24 de julio de 2006, para establecer un sistema informatizado con recursos de inteligencia artificial en el ámbito de la agricultura familiar",Otros,No aplica,No aplica,Si,Lei nº 11.326,No,No,No aplica
Proyecto de ley,Brasil,PL 212/2026,2026,Cámara de Diputados,A la espera de que se designe al ponente en la Comisión de Comunicación (CCOM),Rubens Pereira Júnior - PT/MA,"Tipifica como delito la producción y la difusión de contenidos audiovisuales, sonoros o visuales generados o manipulados mediante inteligencia artificial (deepfakes) y establece otras disposiciones",Generación de contenido falso,Electoral,Régimen de responsbailidad,Si,Lei nº 4.737 e a Lei nº 13.709,Si,Ambas,No cumple
Proyecto de ley,Brasil,PL 83/2026,2026,Cámara de Diputados,"Adscrito al PL 6326/2025 - A la espera del dictamen del ponente de la Comisión Especial encargada de emitir un dictamen sobre el proyecto de ley n.º 2338, de 2023, del Senado Federal, que «regula el desarrollo, el fomento y el uso ético y responsable de la inteligencia artificial basándose en la centralidad de la persona humana» (PL233823)",Pastor Henrique Vieira - PSOL/RJ,"Regula la identificación obligatoria de los contenidos generados o manipulados por inteligencia artificial, establece la responsabilidad objetiva de las plataformas digitales y tipifica las conductas relacionadas con la difusión de deepfakes",Identificación de contenido generado por IA,Generación de contenido falso,No aplica,No,No aplica,No,Ambas,No cumple
Proyecto de ley,Brasil,PL 19/2026,2026,Cámara de Diputados,A la espera del dictamen del ponente de la Comisión de Transporte y Tráfico (CVT),Carlos Zarattini - PT/SP,"Establece las condiciones, obligaciones y restricciones relativas al uso de gafas inteligentes con funciones de inteligencia artificial, modifica la Ley n.º 9.503, de 23 de septiembre de 1997 (Código de Tráfico de Brasil) y el Decreto-Ley n.º 2.848, de 7 de diciembre de 1940 (Código Penal), y adopta otras medidas",Protección de datos personales,Régimen de responsbailidad,No aplica,Si,Ley n.º 9.503 y el Decreto-Ley n.º 2.848,No,Ambas,No aplica
Proyecto de ley,Brasil,PL 7137/2025,2025,Cámara de Diputados,"Adscrito al PL 6708/2025 - A la espera del dictamen del ponente de la Comisión Especial encargada de emitir un dictamen sobre el proyecto de ley n.º 2338, de 2023, del Senado Federal, que «regula el desarrollo, el fomento y el uso ético y responsable de la inteligencia artificial basándose en la centralidad de la persona humana» (PL233823)",Amom Mandel - CIDADANIA/AM,"Modifica la Ley n.º 9.394, de 20 de diciembre de 1996 (Ley de Directrices y Bases de la Educación Nacional - LDB), para incluir el tema «Inteligencia artificial, alfabetización digital y ética algorítmica» como componente curricular transversal obligatorio",Educación,No aplica,No aplica,Si,Ley n.º 9.394,No,No,No aplica
Proyecto de ley,Brasil,PL 6712/2025,2025,Cámara de Diputados,Anexo al proyecto de ley 202/2025 - A la espera del dictamen del ponente de la Comisión de Comunicación (CCOM),Amom Mandel - CIDADANIA/AM,"Establece la obligación de identificar previamente las llamadas telefónicas automatizadas y las realizadas por sistemas de inteligencia artificial, y adopta otras medidas",Identificación de contenido generado por IA,No aplica,No aplica,No,No aplica,No,No,No aplica
Proyecto de ley,Brasil,PL 6708/2025,2025,Cámara de Diputados,"Adscrito al proyecto de ley 3009/2025 - A la espera del dictamen del (a) ponente de la Comisión Especial encargada de emitir dictamen sobre el Proyecto de Ley n.º 2338, de 2023, del Senado Federal, que «dispone sobre el desarrollo, el fomento y el uso ético y responsable de la inteligencia artificial basándose en la centralidad de la persona humana» (PL233823)",Amom Mandel - CIDADANIA/AM,"Modifica la Ley n.º 9.394, de 20 de diciembre de 1996 (Ley de Directrices y Bases de la Educación Nacional - LDB), para incluir el tema «Inteligencia artificial, alfabetización digital y ética algorítmica» como componente curricular transversal obligatorio",Educación,No aplica,No aplica,Si,Ley n.º 9.394,No,No,No aplica
Proyecto de ley,Brasil,PL 6706/2025,2025,Cámara de Diputados,"A la espera de que se designe al ponente en la Comisión de Ciencia, Tecnología e Innovación (CCTI)",Amom Mandel - CIDADANIA/AM,"Modifica la Ley n.º 13.709, de 14 de agosto de 2018 (Ley General de Protección de Datos Personales - LGPD), para regular la auditoría algorítmica preventiva en los sistemas de inteligencia artificial que influyen en decisiones de gran repercusión social",Protección de datos personales,No aplica,No aplica,Si,"Ley n.º 13.709,",No,No,No aplica
Proyecto de ley,Brasil,PL 6326/2025,2025,Cámara de Diputados,"Adscrito al PL 3967/2025 - A la espera del dictamen del ponente de la Comisión Especial encargada de emitir un dictamen sobre el proyecto de ley n.º 2338, de 2023, del Senado Federal, que «regula el desarrollo, el fomento y el uso ético y responsable de la inteligencia artificial basándose en la centralidad de la persona humana» (PL233823)",Marcos Tavares - PDT/RJ,"Promulga la Ley de Etiquetado de Contenidos Sintéticos y de Transparencia en Inteligencia Artificial, que establece la obligación de identificar los contenidos generados, manipulados o modificados por sistemas de inteligencia artificial, con el fin de proteger la información, la democracia, al consumidor y los derechos fundamentales en el entorno digital, y modifica la Ley n.º 12.965, de 23 de abril de 2014 (Marco Civil de Internet)",Identificación de contenido generado por IA,Generación de contenido falso,Régimen de responsbailidad,No,No aplica,Si,Ambas,No cumple
Proyecto de ley,Brasil,PL 6102/2025,2025,Cámara de Diputados,"Adscrito al PL 2983/2025 - A la espera del dictamen del ponente de la Comisión Especial encargada de emitir un dictamen sobre el proyecto de ley n.º 2338, de 2023, del Senado Federal, que «regula el desarrollo, el fomento y el uso ético y responsable de la inteligencia artificial basándose en la centralidad de la persona humana» (PL233823)",Fred Linhares - REPUBLIC/DF,"Establece la obligación de identificar, mediante una marca de agua o una señalización inequívoca, las imágenes, los vídeos y los contenidos audiovisuales producidos o modificados por sistemas de inteligencia artificial, y adopta otras medidas",Identificación de contenido generado por IA,No aplica,No aplica,No,No aplica,No,"Si, civiles",Cumple
Proyecto de ley,Brasil,PL 5548/2025,2025,Cámara de Diputados,A la espera del dictamen del ponente de la Comisión de Salud (CSAUDE),Wellington Roberto - PL/PB,"Modifica la Ley n.º 13.709, de 14 de agosto de 2018 (Ley General de Datos Personales – LGPD), regulando el tratamiento de datos predictivos sobre la salud por parte de sistemas de inteligencia artificial y similares",Protección de datos personales,Otros,No aplica,Si,"Ley n.º 13.709,",No,No,No aplica
Proyecto de ley,Brasil,PL 6172/2025,2025,Cámara de Diputados,"Adscrito al PL 1969/2025 - A la espera del dictamen del ponente de la Comisión Especial encargada de emitir un dictamen sobre el proyecto de ley n.º 2338, de 2023, del Senado Federal, que «regula el desarrollo, el fomento y el uso ético y responsable de la inteligencia artificial basándose en la centralidad de la persona humana» (PL233823)",Zé Neto - PT/BA,"Regula la protección de los autores de obras artísticas, científicas y literarias creadas a partir de sistemas de inteligencia artificial y establece criterios para la producción y difusión de contenidos sintéticos",Propiedad intelectual,No aplica,No aplica,Si,Lei nº 13.105,No,No,No aplica
Proyecto de ley,Brasil,PL 6248/2025,2025,Cámara de Diputados,"Adscrito al proyecto de ley 4356/2025 - A la espera del dictamen del ponente de la Comisión de Ciencia, Tecnología e Innovación (CCTI)",Coronel Chrisóstomo - PL/RO,"Regula el uso de sistemas de inteligencia artificial en las actividades de análisis de inteligencia policial, establece principios éticos, definiciones técnicas y límites de uso, así como directrices para la supervisión humana, y autoriza el uso de la IA en el análisis de comunicaciones interceptadas legalmente",Seguridad,No aplica,No aplica,No,No aplica,No,No,No aplica
Proyecto de ley,Brasil,PL 6707/2025,2025,Cámara de Diputados,A la espera del dictamen del ponente de la Comisión de Defensa del Consumidor (CDC),Amom Mandel - CIDADANIA/AM,"Modifica la Ley n.º 8.078, de 11 de septiembre de 1990 (Código de Defensa del Consumidor - CDC), para regular la responsabilidad civil por los daños causados por el comportamiento autónomo de los sistemas de inteligencia artificial",Derecho del consumidor,No aplica,No aplica,Si,Lei nº 8.078,No,No,No aplica
Proyecto de ley,Brasil,PL 6237/2025,2025,Poder ejecutivo,"Adscrito al PL 2338/2023 - A la espera del dictamen del ponente de la Comisión Especial encargada de emitir un dictamen sobre el proyecto de ley n.º 2338, de 2023, del Senado Federal, que «regula el desarrollo, el fomento y el uso ético y responsable de la inteligencia artificial basándose en la centralidad de la persona humana» (PL233823)",Poder ejecutivo,"Establece el Sistema Nacional para el Desarrollo, la Regulación y la Gobernanza de la Inteligencia Artificial.",Marco general,No aplica,No aplica,No,No aplica,No,No,No aplica
Proyecto de ley,Brasil,PL 2129/2025,2025,Cámara de diputados,A la espera del dictamen del ponente en la Comisión de Educación (CE),Nitinho - PSD/SE,Prevé la inclusión obligatoria de contenidos relacionados con la inteligencia artificial en el currículo de la enseñanza básica,Educación,No aplica,No aplica,No,Lei de Diretrizes e Bases da Educação Nacional,No,No,No aplica
Proyecto de ley,Brasil,PL 2462/2025,2025,Cámara de diputados,A la espera de un ponente en la Comisión de Cultura (CCULT),Ruy Carneiro - PODE/PB,"Prohíbe el uso de herramientas de inteligencia artificial para el doblaje de obras audiovisuales ofrecidas comercialmente en salas de cine, en programas de televisión en abierto y de pago y en servicios de vídeo a la carta y otras plataformas de distribución de contenidos audiovisuales por internet",Propiedad intelectual,No aplica,No aplica,No,No aplica,No,"Si, civiles",No cumple
Proyecto de ley,Brasil,PL 2687/2025,2025,Cámara de diputados,Radicado,João Daniel - PT/SE,Modifica el Decreto Ley nº 2848 de 7 de diciembre de 1940 (Código Penal) para tipificar como delito la omisión de identificar contenidos hiperrealistas generados por inteligencia artificial con potencial para inducir a error a terceros,Identificación de contenido generado por IA,Generación de contenido falso,Electoral,Si,Código penal,No,"Si, penales",No cumple
Proyecto de ley,Brasil,PL 2688/2025,2025,Cámara de diputados,Radicado,João Daniel - PT/SE,"Establece el Marco Regulatorio para el Desarrollo y Uso de la Inteligencia Artificial en Brasil, establece derechos, deberes, principios, mecanismos de gobernanza, normas de transparencia y responsabilidad civil y penal, y dicta otras disposiciones",Marco general,Identificación de contenido generado por IA,Régimen de responsbailidad,Si,Código penal,Si,Ambas,No cumple
Proyecto de ley,Brasil,PL 2799/2025,2025,Cámara de diputados,A la espera del envío del Presidente de la Cámara de Diputados,Luiz Carlos Busato - UNIÃO/RS,"Establece directrices para la prevención del racismo algorítmico en los sistemas de decisión automatizada utilizados por empresas, entidades del tercer sector y organismos públicos, y dicta otras disposiciones",Marco general,No aplica,No aplica,No,No aplica,No,"Si, civiles",No cumple
Proyecto de ley,Brasil,PL 2968/2025,2025,Cámara de diputados,A la espera del envío del Presidente de la Cámara de Diputados,Evair Vieira de Melo - PP/ES,"Modifica las Leyes nº 9.394, de 20 de diciembre de 1996, y nº 14.533, de 11 de enero de 2023, para incluir las competencias relacionadas con la inteligencia artificial como contenidos a impartir en los currículos escolares",Educación,No aplica,No aplica,Si,Ley 9394 y 14533 sobre educación escolar y educación digital,No,No,No aplica
Proyecto de ley,Brasil,PL 2983/2025,2025,Cámara de diputados,A la espera del envío del Presidente de la Cámara de Diputados,Reginaldo Veras - PV/DF,Prevé la identificación obligatoria de los contenidos audiovisuales generados por inteligencia artificial y establece medidas para proteger a los consumidores digitales,Identificación de contenido generado por IA,Derecho del consumidor,No aplica,No,No aplica,Si,Ambas,No cumple
Proyecto de ley,Brasil,PL 3003/2025,2025,Cámara de diputados,A la espera del envío del Presidente de la Cámara de Diputados,Reginaldo Veras - PV/DF,Prohíbe la sustitución de profesores por sistemas de inteligencia artificial en la enseñanza básica y superior,Educación,No aplica,No aplica,No,No aplica,No,No,No aplica
Proyecto de ley,Brasil,PL 3009/2025,2025,Cámara de diputados,A la espera del envío del Presidente de la Cámara de Diputados,David Soares - UNIÃO/SP,"Modifica la Ley nº 9.394, de 20 de diciembre de 1996, para establecer la enseñanza de la Inteligencia Artificial como componente curricular",Educación,No aplica,No aplica,Si,Ley 9394 directrices educación nacional,No,No,No aplica
Proyecto de ley,Brasil,PL 2224/2025,2025,Cámara de diputados,A la espera del dictamen del ponente en la Comisión de Educación (CE),Helio Lopes-PL/RJ,Dispone la creación de la Política Nacional de Formación de Profesores de Educación Básica en Inteligencia Artificial como Auxiliar Pedagógico para el Desarrollo de la Enseñanza y el Aprendizaje y dicta otras disposiciones,Educación,No aplica,No aplica,No,No aplica,No,No,No aplica
Proyecto de ley,Brasil,PL 1969/2025,2025,Cámara de diputados,A la espera del envío del Presidente de la Cámara de Diputados,Adilson Barroso-PL/SP,"Dispone la inclusión en la Ley nº 9.610, de 19 de febrero de 1998, de la regulación de la titularidad, autoría, registro, protección y responsabilidad civil relativa a las obras intelectuales generadas por sistemas de Inteligencia Artificial (IA)",Propiedad intelectual,Régimen de responsbailidad,No aplica,Si,Ley derechos de autor,No,"Si, civiles",No cumple
Proyecto de ley,Brasil,PL 1884/2025,2025,Cámara de diputados,A la espera del envío del Presidente de la Cámara de Diputados,Luiz Nishimori - PSD/PR,"Prevé la regulación del uso de deepfakes, establece sanciones para los usos perjudiciales y fomenta el desarrollo ético y responsable de la tecnología",Generación de contenido falso,Identificación de contenido generado por IA,No aplica,No,No aplica,No,"Si, civiles",No cumple
Proyecto de ley,Brasil,PL 2037/2025,2025,Cámara de diputados,Radicado,João Daniel - PT/SE,"Tipifica el delito de atribución fraudulenta de autoría a un tercero mediante la creación, manipulación o difusión de contenidos falsos con potencial para causar daños al honor, la imagen, la seguridad o el orden público, incluso cuando se realicen utilizando inteligencia artificial",Generación de contenido falso,No aplica,No aplica,Si,Código penal,No,"Si, penales",No cumple
Proyecto de ley,Brasil,PL 1874/2025,2025,Cámara de diputados,A la espera del envío del Presidente de la Cámara de Diputados,Duarte Jr. - PSB/MA,"Modifica la Ley n.º 13.146, de 6 de julio de 2015 (Ley brasileña para la inclusión de las personas con discapacidad), para hacer obligatorios los recursos de accesibilidad en las plataformas digitales de contenidos audiovisuales y prohíbe los cargos adicionales y la sustitución de los intérpretes de Libras por inteligencia artificial",Otros,No aplica,No aplica,Si,Ley brasileña para la inclusión de las personas con discapacidad,No,"Si, civiles",No cumple
Proyecto de ley,Brasil,PL 1614/2025,2025,Cámara de diputados,A la espera del envío del Presidente de la Cámara de Diputados,Zé Neto - PT/BA,"Modifica la Ley nº 14.533, de 11 de enero de 2023, para prever la inclusión de aspectos relacionados con la inteligencia artificial, la seguridad en la red y la protección de datos personales en la formación continua de los profesionales de la educación",Educación,No aplica,No aplica,Si,Ley educación digital,No,No,No aplica
Proyecto de ley,Brasil,PL 1291/2025,2025,Cámara de diputados,A la espera del envío del Presidente de la Cámara de Diputados,Bia Kicis - PL/DF,"Dispone la modernización del Sistema Único de Salud (SUS) a través de la implantación de la Cola Única Nacional, de la Aplicación Cola SUS Nacional, del establecimiento de metas de tiempo máximo de espera, de la remuneración por desempeño, de la atención prioritaria basada en inteligencia artificial y de la transparencia obligatoria en los datos de las colas, además de establecer sanciones para la inserción de informaciones fraudulentas, modificando la Ley nº 8.080, de 19 de septiembre de 1990",Otros,No aplica,No aplica,Si,Ley nº 8.080 salud,No,Ambas,No aplica
Proyecto de ley,Brasil,PL 1239/2025,2025,Cámara de diputados,A la espera del envío del Presidente de la Cámara de Diputados,Alberto Fraga - PL/DF e outros,"Modifica la Ley nº 8.069, de 13 de julio de 1990 - Estatuto del Niño y del Adolescente, para establecer que las imágenes generadas artificialmente, por técnica informática o por cualquier otro medio, aunque no estén vinculadas a una situación o persona real, con fines sexuales de niños o adolescentes, entran en el ámbito de aplicación del art. 241-E, y establece otras disposiciones",Protección de la niñez,Generación de imágenes íntimas no consentidas,No aplica,Si,Estatuto de infancia y adolescencia,No,No,No aplica
Proyecto de ley,Brasil,PL 1963/2025,2025,Cámara de diputados,Radicado,Marcos Tavares - PDT/RJ,Prevé la inclusión obligatoria de la asignatura de Inteligencia Artificial en los planes de estudio de la enseñanza primaria y secundaria de todas las escuelas del país y dicta otras disposiciones,Educación,No aplica,No aplica,No,No aplica,No,No,No aplica
Proyecto de ley,Brasil,PL 1956/2025,2025,Cámara de diputados,Radicado,Rafael Prudente - MDB/DF,"Modifica la Ley nº 9.394, de 20 de diciembre de 1996, que establece directrices y bases para la educación nacional, para prever la enseñanza de los fundamentos de la Inteligencia Artificial (IA) en el currículo de la enseñanza primaria y secundaria",Educación,No aplica,No aplica,Si,Ley 9394 directrices educación nacional,No,No,No aplica
Proyecto de ley,Brasil,PL 1969/2025,2025,Cámara de diputados,Radicado,Adilson Barroso - PL/SP,"Dispone la inclusión en la Ley nº 9.610, de 19 de febrero de 1998, de la regulación de la titularidad, autoría, registro, protección y responsabilidad civil relativa a las obras intelectuales generadas por sistemas de Inteligencia Artificial (IA)",Propiedad intelectual,Régimen de responsbailidad,No aplica,Modifica una ley,Ley derechos de autor,No,No,No aplica
Proyecto de ley,Brasil,PL 1310/2025,2025,Cámara de diputados,A la espera del envío del Presidente de la Cámara de Diputados,Bruno Ganem - PODE/SP,"Modifica la Ley Nº 13.756, de 12 de diciembre de 2018, que prevé el Fondo Nacional de Seguridad Pública (FNSP) y otras materias, a fin de condicionar la percepción de sus recursos a la implementación de tecnologías de inteligencia artificial en las defensorías y corregedorías de los órganos de seguridad pública, en los términos que especifica",Otros,No aplica,No aplica,Si,Ley fondo de seguridad pública,No,No,No aplica
Proyecto de ley,Brasil,PL 1893/2025,2025,Cámara de diputados,A la espera del envío del Presidente de la Cámara de Diputados,Rogéria Santos - REPUBLIC/BA,"Establece el Programa nacional de prevención y lucha contra el fraude digital mediante algoritmos e inteligencia artificial, y dicta otras disposiciones",Generación de contenido falso,No aplica,No aplica,No,No aplica,No,No,No aplica
Proyecto de ley,Brasil,PL 1243/2025,2025,Cámara de diputados,A la espera del envío del Presidente de la Cámara de Diputados,Jonas Donizette - PSB/SP,"Modifica las Leyes nº 9.279, de 1996, y nº 9.610, de 1998, para permitir el registro de seudónimos o apodos notoriamente conocidos por menores de dieciocho años, representados o asistidos por sus padres o representante legal, así como para regular los derechos conexos relativos a los contenidos multimedia generados por inteligencia artificial",Propiedad intelectual,Identificación de contenido generado por IA,No aplica,Si,Ley de propiedad intelectual y ley propiedad industrial,No,No,No aplica
Proyecto de ley,Brasil,PL 1325/2025,2025,Cámara de diputados,A la espera del envío del Presidente de la Cámara de Diputados,Silvia Waiãpi - PL/AP,Prevé la inclusión del estudio de la Inteligencia Artificial en el plan de estudios de la enseñanza primaria y establece otras disposiciones,Educación,No aplica,No aplica,No,No aplica,No,No,No aplica
Proyecto de ley,Brasil,PL 1290/2025,2025,Cámara de diputados,A la espera del envío del Presidente de la Cámara de Diputados,Hildo Rocha - MDB/MA,"Modifica la Ley nº 9.784, de 29 de enero de 1999, para regular el uso de la inteligencia artificial en los procesos administrativos, en el ámbito de la Administración Pública Federal",Marco general,Protección de datos personales,No aplica,Si,Ley proceso administrativo y administración pública,No,No,No aplica
Proyecto de ley,Brasil,PL 1685/2025,2025,Cámara de diputados,A la espera del envío del Presidente de la Cámara de Diputados,Carla Zambelli - PL/SP,"Dispone la inclusión en la Ley nº 9.610, de 19 de febrero de 1998, de la regulación de la titularidad, autoría, registro, protección y responsabilidad civil relativa a las obras intelectuales generadas por sistemas de Inteligencia Artificial (IA)",Propiedad intelectual,Régimen de responsbailidad,No aplica,Si,Ley propiedad intelectual,No,No,No cumple
Proyecto de ley,Brasil,PL 897/2025,2025,Cámara de diputados,"A la espera de un ponente en la Comisión de Ciencia, Tecnología e Innovación (CCTI)",Helio Barbosa-PL - RJ,Establece la Ley de Fomento de la Investigación en Inteligencia Artificial con Fondos procedentes de Apuestas y Loterías,Otros,No aplica,No aplica,No,No aplica,No,No,No aplica
Proyecto de ley,Brasil,PL 898/2025,2025,Cámara de diputados,"A la espera de un ponente en la Comisión de Ciencia, Tecnología e Innovación (CCTI)",Helio Barbosa-PL - RJ,Establece la Ley de Fomento de la Investigación y el Desarrollo de la Inteligencia Artificial en Brasil y dicta otras disposiciones,Educación,No aplica,No aplica,No,No aplica,No,No,No aplica
Proyecto de ley,Brasil,PL 899/2025,2025,Cámara de diputados,A la espera de un ponente en la Comisión de Educación (CE),Helio Barbosa-PL - RJ,Establece la Ley de Inclusión Digital y Desarrollo de Competencias Educativas con Inteligencia Artificial en Brasil y dicta otras disposiciones,Educación,No aplica,No aplica,No,No aplica,No,No,No aplica
Proyecto de ley,Brasil,PL 526/2025,2025,Senado,Radicado,Marx Beltrão-Progresistas,REGULA EL USO DE LA INTELIGENCIA ARTIFICIAL EN BRASIL Y DICTA OTRAS DISPOSICIONES,Marco general,Noticias falsas,No aplica,No,No aplica,No,"Si, civiles",No cumple
Proyecto de ley,Brasil,PL 4758/2024,2024,Cámara de diputados,Radicado,Yury do Paredão - MDB/CE,"Prevé la inclusión de la asignatura de Inteligencia Artificial - IA, en los planes de estudio de la educación básica y de la educación secundaria, y dicta otras disposiciones",Educación,No aplica,No aplica,No,No aplica,No,No,No aplica
Proyecto de ley,Brasil,PL 4849/2024,2024,Cámara de diputados,Acumulado con el PL 1465/2024 - A la espera del nombramiento de un ponente en la Comisión de Educación (CE),Eduardo Bismarck - PDT/CE,"Establece fundamentos, principios y directrices y la aplicación de la Inteligencia Artificial en Brasil",Marco general,No aplica,No aplica,No,No aplica,No,No,No cumple
Proyecto de ley,Brasil,PL 4589/2024,2024,Cámara de diputados,A la espera de la opinión del ponente en la Comisión de Integración Nacional y Desarrollo Regional (CINDRE),Coronel Chrisóstomo - PL/RO,"Establece el Sistema de Asistencia Automática por Inteligencia Artificial (AAIA) para su integración en los registros sociales, con el objetivo de optimizar el análisis de datos y ofrecer apoyo inmediato a las familias en situación de vulnerabilidad",Otros,No aplica,No aplica,No,No aplica,No,No,No aplica
Proyecto de ley,Brasil,PL 4768/2024,2024,Cámara de diputados,Acumulado con el PL 3488/2024 - A la espera de deliberación en la Comisión de Comunicación (CCOM),Juninho do Pneu - UNIÃO/RJ,Prevé la responsabilidad por el delito de manipulación no autorizada de imágenes,Generación de imágenes íntimas no consentidas,No aplica,No aplica,Si,Código penal,No,"Si, penales",No cumple
Proyecto de ley,Brasil,PL 4400/2024,2024,Cámara de diputados,"A la espera del dictamen del ponente en la Comisión de Ciencia, Tecnología e Innovación (CCTI)",Julio Lopes - PP/RJ,"Modifica la Ley nº 9.610 de 1998, Ley de Derecho de Autor, para regular los derechos conexos relativos a los contenidos multimedia generados por un algoritmo altamente realista de la voz o imagen de un intérprete o ejecutante identificable que simule su participación en una obra audiovisual o fonograma",Propiedad intelectual,No aplica,No aplica,Si,Ley derechos de autor,No,No,No aplica
Proyecto de ley,Brasil,PL 2775/2024,2024,Cámara de diputados,"A la espera del dictamen del ponente de la Comisión de Ciencia, Tecnología e Innovación (CCTI)",João Daniel - PT/SE,"Modifica la Ley n.º 13.709, de 14 de agosto de 2018, Ley General de Protección de Datos Personales (LGPD), para determinar los criterios que permiten el uso de datos personales para el entrenamiento y perfeccionamiento de sistemas de inteligencia artificial (IA)",Protección de datos personales,No aplica,No aplica,Si,Ley de protección de datos personales,No,No,No aplica
Proyecto de ley,Brasil,PL 2807/2024,2024,Cámara de diputados,"A la espera de un ponente en la Comisión de Bienestar Social, Infancia, Adolescencia y Familia (CPASF)",Júnior Mano - PL/CE,"Prevé la protección de las imágenes de los niños, prohibiendo el uso de sus fotos para alimentar herramientas de inteligencia artificial sin el consentimiento expreso de sus padres o representantes legales",Protección de la niñez,Protección de datos personales,No aplica,No,No aplica,No,Ambas,No cumple
Proyecto de ley,Brasil,PL 3821/24,2024,Senado,A la espera del examen del Senado federal,Amanda Gentil - PP/MA,"Modifica el Decreto Ley nº 2848, de 7 de diciembre de 1940 (Código Penal), para tipificar el delito de contenido sexual manipulado por inteligencia artificial, y la Ley nº 4737, de 15 de julio de 1965 (Código Electoral), para tipificar el delito de manipulación por inteligencia artificial de imágenes de contenido sexual en las que participen candidatos",Generación de imágenes íntimas no consentidas,Electoral,No aplica,Si,Código penal y código electoral,No,"Si, penales",No cumple
Proyecto de ley,Brasil,PL 1797/2024,2024,Cámara de diputados,Acumulado con el PL 1465/2024 - A la espera del dictamen del ponente en la Comisión de Educación (CE),Allan Garces-Partido Progressitas,"Establece normas generales para el desarrollo, la implementación y el uso responsable de sistemas de Inteligencia Artificial, con el objetivo de proteger los derechos humanos y garantizar sistemas seguros y fiables en beneficio de la persona humana.",Marco general,No aplica,No aplica,Si,Ley de protección de datos personales,No,No,No aplica
Proyecto de ley,Brasil,PL 1465/2024,2024,Cámara de diputados,Acumulado con el PL 1797/2024. A la espera del dictamen del ponente en la Comisión de Educación (CE),Júnior Mano-Partido socialista brasileño,"Establece principios, garantías, derechos y deberes para el desarrollo, implantación y aplicación de la inteligencia artificial en Brasil, con vistas a promover su uso seguro, ético y responsable.",Marco general,No aplica,No aplica,No,No aplica,No,"Si, civiles",No aplica
Proyecto de ley,Brasil,PL 841/2024,2024,Cámara de diputados,"Acumulado con el PL 10022/2018 - A la espera del nombramiento de un ponente en la Comisión de Constitución, Justicia y Ciudadanía (CCJC)",Ruy Carneiro-Partido social cristiano,"Modifica la Ley nº 8.078, de 11 de septiembre de 1990, para que sea obligatorio mostrar una advertencia a los consumidores sobre las imágenes o vídeos publicitarios producidos mediante inteligencia artificial.",Derecho del consumidor,Identificación de contenido generado por IA,No aplica,No,Ley sistema nacional defensa del consumidor,No,No,No aplica
Proyecto de ley,Brasil,PL 897/2024,2024,Cámara de diputados,"Acumulado con el PL 5938/2023 - A la espera del dictamen del ponente en la Comisión de Ciencia, Tecnología e Innovación (CCTI)",Saullo Vianna-Unión Brasil,Prevé la autenticación de los soportes digitales creados o modificados mediante Inteligencia Artificial (IA) y otras medidas.,Identificación de contenido generado por IA,No aplica,No aplica,No,No aplica,No,No,No aplica
Proyecto de ley,Brasil,PL 370/2024,2024,Cámara de diputados,A la espera del examen del Senado federal,Jandira Feghali-Partido comunista de Brasil,"Incluye un aumento del delito de violencia psicológica contra la mujer cuando se cometa mediante el uso de inteligencia artificial o cualquier otro recurso tecnológico y aumenta la pena para el delito de difusión de una escena de violación o de violación de una persona vulnerable, una escena de sexo o pornografía.",Generación de imágenes íntimas no consentidas,Violencia digital,No aplica,Si,Código penal,No,"Si, penales",No cumple
Proyecto de ley,Brasil,PL 447/2024,2024,Cámara de diputados,"Acumulado con el PL 5695/2023 - Listo para debate en la Comisión de Constitución, Justicia y Ciudadanía (CCJC)",Saullo Vianna-Unión Brasil,"Tipifica como delito la alteración de fotos, vídeos y sonidos mediante un sistema de Inteligencia Artificial con el fin de ejercer violencia contra las mujeres.",Generación de contenido falso,Violencia digital,No aplica,Si,Código penal,No,"Si, penales",No cumple
Proyecto de ley,Brasil,PL 303/2024,2024,Cámara de diputados,"A la espera de un ponente en la Comisión de Ciencia, Tecnología e Innovación (CCTI)",Júnior Mano-Partido socialista brasileño,"Modifica el art. 6 de la Ley nº 9.279, de 14 de mayo de 1996, para prever la titularidad de las invenciones generadas de forma autónoma por sistemas de inteligencia artificial.",Propiedad intelectual,No aplica,No aplica,Si,Ley de derechos de autor,No,No,No aplica
Proyecto de ley,Brasil,PL 390/2024,2024,Cámara de diputados,"Listo para su debate en la Comisión de Constitución, Justicia y Ciudadanía (CCJC)",Camila Jara-Partido de los trabajadores,Modifica la Ley nº 10.406 de 10 de enero de 2002 (Código Civil) para reconocer como fraude la publicidad de productos falsos y las estafas financieras que impliquen el uso manipulado por inteligencia artificial de imágenes y voces de personas.,Generación de contenido falso,No aplica,No aplica,Si,Código civil,No,"Si, civiles",No cumple
Proyecto de ley,Brasil,PL 842/2024,2024,Cámara de diputados,"Acumulado con el PL 5938/2023 - A la espera del dictamen del ponente en la Comisión de Ciencia, Tecnología e Innovación (CCTI)",Ruy Carneiro-Partido social cristiano,"Modifica la Ley nº 12.965, de 23 de abril de 2014 (Marco Civil da Internet), para obligar a las aplicaciones de Internet que utilicen mecanismos de inteligencia artificial para generar contenidos audiovisuales a insertar signos en los contenidos producidos.",Identificación de contenido generado por IA,No aplica,No aplica,Si,Marco civil de Internet,No,"Si, civiles",No cumple
Proyecto de ley,Brasil,PL 145/2024,2024,Senado,"Comisión de Transparencia, Gobernanza, Supervisión y Control y Protección del Consumidor A LA ESPERA DEL NOMBRAMIENTO DEL PONENTE Agotado el plazo regimental sin presentar enmiendas al proyecto de ley. Asunto pendiente de distribución.",Chico Rodrigues-Unión Brasil,"Modifica la Ley nº 8.078, de 11 de septiembre de 1990 (Código de Protección del Consumidor), para regular el uso de herramientas de inteligencia artificial con fines publicitarios y frenar la publicidad engañosa que utilice estas herramientas.",Derecho del consumidor,Identificación de contenido generado por IA,No aplica,Si,Código protección del consumidor,Si,No,No aplica
Proyecto de ley,Brasil,PL 146/2024,2024,Senado,"Comisión de Comunicación y Derecho Digital A LA ESPERA DEL NOMBRAMIENTO DEL PONENTE Devuelto por el senador Sergio Moro, para su redistribución.",Chico Rodrigues-Unión Brasil,"Modifica el Decreto-Ley nº 2848, de 7 de diciembre de 1940 (Código Penal), para establecer un aumento de pena para los delitos contra el honor y una hipótesis cualificada para el delito de falsedad de identidad, cuando se utilice tecnología de inteligencia artificial para alterar la imagen de una persona o un sonido humano.",Generación de contenido falso,No aplica,No aplica,Si,Código penal,No,"Si, penales",No cumple
Proyecto de ley,Brasil,PL 5694/2023,2023,Cámara de diputados,"A la espera de la opinión del ponente en la Comisión de Bienestar, Asistencia Social, Infancia, Adolescencia y Familia (CPASF)",Fred Linhares- Partido Republicanos,"Tipifica como delito la manipulación o adulteración de fotos, vídeos o sonidos, utilizando sistemas de inteligencia artificial, con la intención de causar vergüenza, humillación, acoso, amenazas o cualquier otro tipo de violencia contra niños o adolescentes. También aumenta la pena para los delitos relacionados con la pornografía infantil en caso de utilización de inteligencia artificial, si se manipula o adultera la escena de sexo explícito o pornografía en la que participe un niño o adolescente utilizando un sistema de inteligencia artificial.",Protección de la niñez,Generación de imágenes íntimas no consentidas,No aplica,Si,Estatuto de infancia y adolescencia,No,"Si, penales",No cumple
Proyecto de ley,Brasil,PL 5303/2023,2023,Cámara de diputados,Listo para su debate en la Comisión de Cultura (CCULT),Renata Abreu-Partido Podemos,Prevé la prestación de servicios mediante el uso de inteligencia artificial.,Marco general,Protección de datos personales,No aplica,No,No aplica,No,"Si, civiles",No cumple
Proyecto de ley,Brasil,PL 5722/2023,2023,Senado,En trámite plenaria de senado,Jorge Kajuru-Partido socialista brasileño,"Modifica el art. 216-B del Decreto-Ley nº 2848, de 7 de diciembre de 1940 - Código Penal, para aumentar la pena a quien utilice inteligencia artificial para editar una fotografía, vídeo, audio o cualquier otro registro con el fin de incluir a una persona en una escena de desnudez o un acto íntimo sexual o libidinoso.",Generación de imágenes íntimas no consentidas,No aplica,No aplica,Si,Código penal,No,"Si, penales",No cumple
Proyecto de ley,Brasil,PL 5695/2023,2023,Cámara de diputados,"Listo para su debate en la Comisión de Constitución, Justicia y Ciudadanía (CCJC)",Fred Linhares- Partido Republicanos,"Tipifica como delito la alteración de fotos, vídeos y sonido mediante un sistema de Inteligencia Artificial para cometer actos de violencia contra las mujeres.",Generación de imágenes íntimas no consentidas,Violencia digital,No aplica,Si,Ley para combatir la violencia doméstica y familiar contra la mujer,No,"Si, penales",No cumple
Proyecto de ley,Brasil,PL 5859/2023,2023,Cámara de diputados,Acumulado con el PL 3902/2023 - Listo para el orden del día de la Comisión de Comunicación (CCOM),Felipe Francischini-Unión Brasil,Prohíbe el uso de aplicaciones y programas de inteligencia artificial para crear «desnudos falsos» y establece otras disposiciones.,Generación de imágenes íntimas no consentidas,No aplica,No aplica,No,No aplica,Si,"Si, civiles",No cumple
Proyecto de ley,Brasil,PL 5931/2023,2023,Cámara de diputados,"Acumulado con el PL 1002/2023 - A la espera del dictamen del ponente en la Comisión de Constitución, Justicia y Ciudadanía (CCJC)",Carlos Chiodini-Movimiento democrático brasileño,Modifica la Ley nº 9.504 de 30 de septiembre de 1997 (Ley Electoral) para prever el uso de inteligencia artificial en la propaganda electoral.,Electoral,Identificación de contenido generado por IA,No aplica,Si,Ley electoral,Si,"Si, civiles",No cumple
Proyecto de ley,Brasil,PL 6119/2023,2023,Cámara de diputados,A la espera del dictamen del ponente en la Comisión de Defensa del Consumidor (CDC),Kim Kataguiri-Unión Brasil,"Modifica el Decreto-Ley nº 2848, de 07 de diciembre de 1940 - Código Penal, para prever el uso fraudulento de la inteligencia artificial.",Generación de contenido falso,No aplica,No aplica,Si,Código penal,No,"Si, penales",No cumple
Proyecto de ley,Brasil,PL 6211/2023,2023,Cámara de diputados,"Acumulado con el PL 5694/2023 - A la espera del dictamen del ponente en la Comisión de Bienestar, Asistencia Social, Infancia, Adolescencia y Familia (CPASF)",Renata Abreu-Partido Podemos,"Modifica la Ley nº 8.069, de 13 de julio de 1990 - Estatuto del Niño y del Adolescente, para criminalizar la creación de contenido erótico y pornográfico a partir del rostro de niños y adolescentes, por medio de sistemas de inteligencia artificial, y modifica el Decreto-Ley nº 2.848, de 7 de diciembre de 1940 - Código Penal, para criminalizar la creación de contenido erótico y pornográfico por medio de sistemas de inteligencia artificial, a partir del resto de la víctima, y sin su consentimiento.",Generación de imágenes íntimas no consentidas,No aplica,No aplica,Si,Estatuto de infancia y adolescencia y código penal,No,"Si, penales",Cumple
Proyecto de ley,Brasil,PL 4730/2023,2023,Cámara de diputados,"A la espera del dictamen del ponente en la Comisión de Constitución, Justicia y Ciudadanía (CCJC)",Delegado Polumbo-Movimiento Democrático Brasileño,"Incluir el inciso «m» en el ítem II del artículo 61 del Decreto Ley nº 2.848, de 7 de diciembre de 1940, Código Penal, prever el uso de inteligencia artificial como circunstancia agravante, y dicta otras disposiciones.",Otros,No aplica,No aplica,Si,Código penal,No,"Si, penales",No cumple
Proyecto de ley,Brasil,PL 5394/2023,2023,Cámara de diputados,"Acumulado con el PL 5342/2023 - A la espera del dictamen del ponente en la Comisión de Constitución, Justicia y Ciudadanía (CCJC)",Partido de los trabajadores,"Modifica el Decreto Ley nº 2848, de 7 de diciembre de 1940, Código Penal, para tipificar como delito la adulteración, edición o modificación de fotografías, vídeos o cualquier otra forma de representación visual relativa a la intimidad de las personas, mediante Inteligencia Artificial, y dicta otras disposiciones.",Generación de imágenes íntimas no consentidas,No aplica,No aplica,Si,Código penal,No,"Si, penales",No cumple
Proyecto de ley,Brasil,PL 5641/2023,2023,Cámara de diputados,Acumulado con el PL 3902/2023 - Listo para el orden del día de la Comisión de Comunicación (CCOM),"Fernanda Melchionna, Sâmia Bomfim, Glauber Braga Partido Socialismo y Libertad","Prevé la prohibición de aplicaciones, sitios web, herramientas y similares que utilicen la inteligencia artificial para crear imágenes pornográficas no autorizadas de rostros de mujeres, así como el establecimiento de medidas para prevenir y combatir la difusión de estas imágenes.",Generación de imágenes íntimas no consentidas,Régimen de responsbailidad,No aplica,No,No aplica,No,"Si, civiles",No cumple
Proyecto de ley,Brasil,PL 5938/2023,2023,Cámara de diputados,"Acumulado con el PL 759/2023 - A la espera del dictamen del ponente en la Comisión de Ciencia, Tecnología e Innovación (CCTI)",Lídice De Mata-Partido Socialista Brasileño,"Modifica la Ley 12.965, de 23 de abril de 2014, que establece principios, garantías, derechos y deberes para el uso de Internet en Brasil, para disponer que los proveedores de redes sociales adopten medidas para identificar y marcar contenidos realizados mediante inteligencia artificial.",Identificación de contenido generado por IA,Régimen de responsbailidad,No aplica,Si,Marco civil de Internet,Si,No,No aplica
Proyecto de ley,Brasil,PL 5359/2023,2023,Cámara de diputados,Acumulado con el PL 2394/2023 - Archivado,Erika Kokay-Partido de los trabajadores,"Modifica la Ley nº 8.069, de 13 de julio de 1990 - Estatuto del Niño y del Adolescente, para criminalizar la adulteración, edición o modificación de fotografías, vídeos o cualquier otra forma de representación visual por medio de Inteligencia Artificial, la adquisición y posesión de dicho material y otras conductas relacionadas con la pedofilia en Internet.",Protección de la niñez,No aplica,No aplica,Si,Estatuto de infancia y adolescencia,No,"Si, penales",No cumple
Proyecto de ley,Brasil,PL 5342/2023,2023,Cámara de diputados,"A la espera del dictamen del ponente en la Comisión de Constitución, Justicia y Ciudadanía (CCJC)",Marcelo Álvaro Antonio-Partido liberal,"Tipifica el delito de Fake Porn y agrega el artículo 218-D al Decreto-Ley 2.848, de 7 de diciembre de 1940 (Código Penal), para tipificar el delito de creación, difusión y venta no autorizada de imágenes de desnudez o imágenes sexuales generadas por software e inteligencia artificial (IA); cambia la naturaleza de la acción penal para los delitos contra la dignidad sexual a la acción pública incondicional; establece causales de agravación de la pena para estos delitos.",Generación de imágenes íntimas no consentidas,No aplica,No aplica,Si,Código penal,No,"Si, penales",No cumple
Proyecto de ley,Brasil,PL 759/2023,2023,Cámara de diputados,"A la espera del dictamen del ponente en la Comisión de Ciencia, Tecnología e Innovación (CCTI)",Unión Brasil,Regula los sistemas de Inteligencia Artificial y dicta otras disposiciones.,Marco general,No aplica,No aplica,No,No aplica,Si,No,No aplica
Proyecto de ley,Brasil,PL 2338/2023,2023,Senado,"Aprobado en Senado, pasa a Cámara",Rodrigo Pacheco-Partido socialdemócrata,"Esta ley establece normas nacionales generales para desarrollo, implementación y uso responsable de sistemas de inteligencia artificial (IA) en Brasil. sistemas de inteligencia artificial (IA) en Brasil, con el objetivo de proteger los derechos fundamentales y derechos y garantizar la implementación de sistemas seguros y confiables, en la persona humana, el régimen democrático y el desarrollo científico y tecnológico. desarrollo.",Marco general,Régimen de responsbailidad,No aplica,No,No aplica,No,"Si, civiles",No aplica
Proyecto de ley,Brasil,PL 1002/2023,2023,Cámara de diputados,Acumulado,Kim Kataguiri-Unión Brasil,Prevé la autenticación de los soportes digitales creados o modificados por Inteligencia Artificial (IA) y establece otras medidas.,Electoral,Generación de contenido falso,No aplica,Si,Ley electoral,No,Ambas,No cumple
Proyecto de ley,México,6956-II-5 (4020),2026,Diputados,En trámite,"Mónica Elizabeth Sandoval Hernández, del Grupo Parlamentario del PRI","Propone adicionar un párrafo cuarto al artículo 202 Ter del Código Penal Federal para sancionar con prisión de seis a doce años a quien genere, edite, manipule o difunda mediante IA o tecnologías digitales imágenes pornográficas de personas sin consentimiento. La sanción se agrava hasta en una mitad cuando las imágenes se utilicen para denigrar a personas por razón de su orientación sexual, identidad de género o condición social.",Generación de imágenes íntimas no consentidas,Generación de contenido falso,Violencia digital,Si,Código Penal Federal,Si,"Si, penales",No cumple
Proyecto de ley,México,6956-II-5 (4002),2026,Diputados,En trámite,"Ana Isabel González González, del Grupo Parlamentario del PRI","Propone adicionar un párrafo cuarto al artículo 202 y un segundo y tercer párrafos al artículo 202 Bis del Código Penal Federal, en materia de pornografía infantil generada con inteligencia artificial. Busca regular la creación, almacenamiento, posesión, intercambio y difusión de imágenes editadas, manipuladas o generadas digitalmente con IA que simulen la participación de menores de edad en actos de carácter sexual, sancionando estas conductas con prisión de cinco a diez años.",Protección de la niñez,Generación de imágenes íntimas no consentidas,No aplica,Si,Código Penal Federal,Si,"Si, penales",No cumple
Proyecto de ley,México,6965-II-1 (4083),2026,Diputados,En trámite,"Delhi Miroslava Shember Domínguez, del Grupo Parlamentario de Morena","Propone reformar diversas disposiciones del Código Penal Federal en materia de violencia digital, buscando actualizar el marco penal para sancionar conductas relacionadas con la difusión no consentida de contenido íntimo y otras formas de violencia ejercidas a través de medios digitales.",Generación de imágenes íntimas no consentidas,No aplica,No aplica,Si,Código Penal Federal,Si,"Si, penales",No cumple
Proyecto de ley,México,6973-II-2 (4154),2026,Diputados,En trámite,"Annia Sarahí Gómez Cárdenas y Víctor Manuel Pérez Díaz, del Grupo Parlamentario del PAN; y suscrita por integrantes del Grupo Parlamentario del PAN","Propone adicionar el artículo 199 Octies del Código Penal Federal para ampliar la protección penal en materia de violación a la intimidad sexual, incluyendo conductas realizadas mediante el uso de inteligencia artificial o tecnologías digitales.",Generación de imágenes íntimas no consentidas,No aplica,No aplica,Si,Código Penal Federal,Si,"Si, penales",No cumple
Proyecto de ley,México,6973-II-2 (4155),2026,Diputados,En trámite,"Annia Sarahí Gómez Cárdenas y Paulina Rubio Fernández, del Grupo Parlamentario del PAN; y suscrita por integrantes del Grupo Parlamentario del PAN","Propone reformar y adicionar diversas disposiciones de la Ley General de los Derechos de Niñas, Niños y Adolescentes en materia de una vida libre de violencia cibernética, digital y de inteligencia artificial, buscando proteger a los menores de edad frente a los riesgos del entorno digital.",Protección de la niñez,Violencia digital,Seguridad,Si,"Ley General de los Derechos de Niñas, Niños y Adolescentes",Si,No,Cumple
Proyecto de ley,México,6977-II-1-1 (Pendiente),2026,Diputados,En trámite,"Arturo Roberto Hernández Tapia, del Grupo Parlamentario de Morena","Propone reformar el artículo 6o. de la Constitución Política de los Estados Unidos Mexicanos en materia de inteligencia artificial, buscando establecer un marco constitucional para la regulación y uso de la IA en México.",Marco general,No aplica,No aplica,Si,Constitución Política de los Estados Unidos Mexicanos,No,No,Cumple
Proyecto de ley,México,6977-II-1-1 (Pendiente),2026,Diputados,En trámite,"Raymundo Vázquez Conchas, del Grupo Parlamentario de Morena","Propone reformar el artículo 199 Octies del Código Penal Federal y el artículo 20 Quáter de la Ley General de Acceso de las Mujeres a una Vida Libre de Violencias, en materia de violencia digital, para fortalecer la protección contra conductas de violencia ejercidas a través de medios tecnológicos.",Generación de imágenes íntimas no consentidas,Violencia digital,No aplica,Si,Código Penal Federal y Ley General de Acceso de las Mujeres a una Vida Libre de Violencias,Si,"Si, penales",No cumple
Proyecto de ley,México,6977-II-2 (4227),2026,Diputados,En trámite,Paulo Gonzalo Martínez López y legisladores integrantes del Grupo Parlamentario del PAN,"Propone reformar el artículo 199 Octies del Código Penal Federal en materia de violencia digital, protección a la intimidad y sanción del uso indebido de tecnologías e inteligencia artificial, para ampliar la tipificación penal contra conductas que vulneren la intimidad sexual mediante herramientas tecnológicas.",Generación de imágenes íntimas no consentidas,Violencia digital,No aplica,Si,Código Penal Federal,Si,"Si, penales",No cumple
Proyecto de ley,México,6977-II-3 (4255),2026,Diputados,En trámite,"Ciria Yamile Salomón Durán, del Grupo Parlamentario del PVEM","Propone adicionar diversas disposiciones al Código Penal Federal en materia de agravantes por el uso de inteligencia artificial en la comisión de delitos, estableciendo penas más severas cuando se empleen herramientas de IA para perpetrar conductas delictivas.",Marco general,Generación de contenido falso,Seguridad,Si,Código Penal Federal,Si,"Si, penales",No cumple
Proyecto de ley,México,6978-II-1 (4325),2026,Diputados,En trámite,"Fernando Jorge Castro Trenti, del Grupo Parlamentario de Morena","Propone reformar diversas disposiciones de la Ley General de Acceso de las Mujeres a una Vida Libre de Violencias y del Código Penal Federal en materia de generación y manipulación digital de contenido íntimo sexual, para sancionar la creación y difusión de contenido sexual generado o manipulado digitalmente sin consentimiento.",Generación de imágenes íntimas no consentidas,No aplica,No aplica,Si,Ley General de Acceso de las Mujeres a una Vida Libre de Violencias y Código Penal Federal,Si,"Si, penales",No cumple
Proyecto de ley,México,6978-II-3 (4326),2026,Diputados,En trámite,"Carlos Alberto Puente Salas, del Grupo Parlamentario del PVEM","Propone reformar el artículo 199 Octies del Código Penal Federal en materia de control parental, prevención y sanción de delitos de violación a la intimidad sexual mediante el uso de programas o plataformas de inteligencia artificial. Busca incluir en el tipo penal la alteración de contenido sexual mediante IA (deepfakes) y establecer la obligatoriedad de herramientas de control parental en dispositivos electrónicos.",Generación de imágenes íntimas no consentidas,Generación de contenido falso,No aplica,Si,Código Penal Federal,Si,"Si, penales",No cumple
Proyecto de ley,México,6978-II-3 (4327),2026,Diputados,En trámite,"Juan Luis Carrillo Soberanis, del Grupo Parlamentario del PVEM","Propone adicionar el artículo 202 del Código Penal Federal para ampliar la protección penal contra la pornografía infantil, incluyendo contenido generado o manipulado mediante tecnologías digitales e inteligencia artificial.",Generación de imágenes íntimas no consentidas,Protección de la niñez,No aplica,Si,Código Penal Federal,Si,"Si, penales",No cumple
Proyecto de ley,México,LXVI/2SPO-248/156228,2026,Senado,En trámite,"Karen Castrejón Trujillo, del Grupo Parlamentario del Partido Verde Ecologista de México","Propone definir la violencia digital como toda acción dolosa realizada mediante el uso de tecnologías de la información y la comunicación, inteligencia artificial, algoritmos o tecnologías digitales, por la cual se genere, elabore, cree, edite, manipule, altere, exponga, distribuya, comercialice, oferte, intercambie o comparta por cualquier medio, imágenes audios o videos reales, simulados o generados artificialmente, de contenido íntimo sexual de una persona sin su consentimiento, sin su aprobación o sin autorización, y que le cause daño psicológico, emocional, social, laboral, académico, en cualquier ámbito de su vida privada o en su imagen propia. Por otra parte, se establecen las sanciones aplicables para el delito de violación a la intimidad sexual, consistentes en una pena de tres a seis años de prisión y una multa de quinientas a mil Unidades de Medida y Actualización para quien divulgue, comparta, distribuya, publique o haga accesibles por cualquier medio, imágenes, videos o audios de contenido íntimo sexual que hayan sido creados, generados, editados, manipulados o modificados mediante el uso de inteligencia artificial, algoritmos o tecnologías digitales que se realicen sin el consentimiento, aprobación o autorización de la persona afectada.",Generación de imágenes íntimas no consentidas,Violencia digital,No aplica,Si,Código Penal Federal y Ley General de Acceso de las Mujeres a una Vida Libre de Violencia,Si,"Si, penales",No cumple
Proyecto de ley,México,LXVI/2SPO-248/156328,2026,Senado,En trámite,"Karina Isabel Ruiz Ruiz, del Grupo Parlamentario de Morena","Propone establecer la facultad expresa del Congreso de la Unión para legislar en materia de inteligencia artificial con la finalidad de sentar las bases para una legislación secundaria que incorpore principios como la transparencia algorítmica, la explicabilidad de decisiones automatizadas, la supervisión humana significativa, la evaluación de impacto, la responsabilidad objetiva y la protección reforzada de grupos en situación de vulnerabilidad.",Marco general,No aplica,No aplica,Si,Constitución Política de los Estados Unidos Mexicanos,No,No,Cumple
Proyecto de ley,México,LXVI/2SPO-253/156299,2026,Senado,En trámite,"Jesús Lucía Trasviña Waldenrath, del Grupo Parlamentario de MORENA","Propone que se entenderá por Sistema de Inteligencia Artificial (sistema de IA) a los programas y componentes físicos de cómputo diseñados por humanos que, ante un objetivo complejo, actúan en la dimensión física o digital, logrando percibir su entorno, a través de la adquisición e interpretación de datos estructurados o no estructurados. Asimismo, tratándose de Sistemas de Inteligencia Artificial, la Comisión establecerá lineamientos para la introducción en el mercado, la puesta en servicio y la utilización de sistemas de inteligencia artificial; establecerá prohibiciones respecto de determinadas prácticas de inteligencia artificial; fijará requisitos específicos para los sistemas de IA de alto riesgo y obligaciones para los operadores de dichos sistemas; establecerá lineamientos armonizados de transparencia aplicables a los sistemas de IA destinados a interactuar con personas físicas, a los sistemas de reconocimiento de emociones y de categorización biométrica, así como a los sistemas de IA utilizados para generar o manipular imágenes, archivos de audio o videos; y regulará el control y la vigilancia del mercado.",Marco general,No aplica,No aplica,Si,Ley Federal de Telecomunicaciones y Radiodifusión,Si,No,No cumple
Proyecto de ley,México,LXVI/2SPO-253/156556,2026,Senado,En trámite,"Pablo Angulo Briceño, del Grupo Parlamentario del Partido Revolucionario Institucional","Propone que el Estado implementará programas permanentes que garanticen la cobertura de la educación básica, media superior y educación superior en todo el territorio nacional a fin de crear opciones educativas en línea y a distancia en orden a la permanencia y continuidad educativa. Asimismo, se promoverán acciones que garanticen la cobertura nacional de la educación superior mediante el uso de plataformas digitales e inteligencia artificial con el fin de crear instituciones en línea que ofrezcan opciones educativas en línea o a distancia.",Educación,No aplica,No aplica,Si,Ley General de Educación,No,No,No aplica
Proyecto de ley,México,LXVI/2SPO-253/156513,2026,Senado,En trámite,"Karina Isabel Ruiz Ruiz, del Grupo Parlamentario de MORENA","Propone expedir un marco jurídico en materia de inteligencia artificial con la finalidad de crear la Estrategia Nacional de Inteligencia Artificial, establecer valores como el respeto a los derechos humanos y principios generales y éticos; señalar derechos y obligaciones de los proveedores de sistemas de IA; identificar riesgos y acciones para mitigarlos, así como medidas para promover la IA y sancionar usos indebidos; actualizar la regulación de los temas habilitadores de la IA, como protección al consumidor, regulación en materia de datos personales, privacidad, transparencia, responsabilidad de proveedores de sistemas de IA en particular respecto a responsabilidad y compromiso ético de proveedores cuyos bienes o servicios utilizan sistemas de IA y la gestión de riesgos de estos sistemas.",Marco general,No aplica,No aplica,No,Crea una Ley Nacional de Inteligencia Artificial,Si,"Si, civiles",No cumple
Proyecto de ley,México,6977-II-5-1 (Pendiente),2026,Diputados,En trámite,"Emilio Suárez Licona, del Grupo Parlamentario del PRI","Propone reformar los artículos 4, 6, 25, 26 y 73 de la Constitución Política de los Estados Unidos Mexicanos para reconocer constitucionalmente los ecosistemas digitales y la inteligencia artificial. Entre sus principales propuestas: garantizar la protección del desarrollo integral y seguro de niños y niñas frente a los ecosistemas digitales y la IA (Art. 4); promover el desarrollo de los ecosistemas digitales y la IA con políticas de prevención y protección ante sus riesgos (Art. 6); facultar al Estado para regir el desarrollo de los ecosistemas digitales y la IA a fin de potenciar la productividad y el bienestar social (Art. 25); encomendar al INEGI integrar y articular información estratégica sobre ecosistemas digitales e IA para evaluar su impacto (Art. 26); y otorgar al Congreso la facultad de expedir leyes generales en materia de ecosistemas digitales e inteligencia artificial (Art. 73, fracción XXXII).",Marco general,No aplica,No aplica,Si,Constitución Política de los Estados Unidos Mexicanos,No,No,No aplica
Proyecto de ley,México,6973-II-2-1 (4153),2026,Diputados,En trámite,"Annia Sarahí Gómez Cárdenas, del Grupo Parlamentario del PAN; y suscrita por las y los legisladores integrantes del Grupo Parlamentario del PAN","Propone adicionar la fracción XVIII al artículo 5 de la Ley General de Acceso de las Mujeres a una Vida Libre de Violencia para definir ""Inteligencia Artificial Generativa"" como rama de la IA dedicada a crear datos o contenidos nuevos a partir de los existentes mediante algoritmos de aprendizaje automático. También adiciona el artículo 20 Septies para tipificar como violencia digital y mediática el uso de IA generativa para la creación, modificación, alteración o producción total o parcial de imágenes, audios o videos reales o simulados de contenido íntimo sexual de una persona sin su consentimiento, aprobación o autorización, que le genere algún tipo de violencia en cualquier ámbito de su vida privada o imagen propia.",Generación de imágenes íntimas no consentidas,Violencia digital,No aplica,Si,Ley General de Acceso de las Mujeres a una Vida Libre de Violencia,Si,"Si, penales",No cumple
Proyecto de ley,México,0018-1PO1-24,2024,Cámara de Diputados,Turno a comisión,Éctor Ramírez-Partido Acción Nacional,"Incluir un título denominado Inteligencia artificial aplicada a la salud, en el cual se defina la inteligencia artificial, los casos en los que podrá ser utilizada, definirá los mecanismos de evaluación y auditoría de los sistemas de inteligencia artificial.",Otros,No aplica,No aplica,Si,Ley General de Salud,No,No,No aplica
Proyecto de ley,México,0513-1PO1-24,2024,Cámara de Diputados,Turno a comisión,Armando Corona-Morena,"Crear un capítulo denominado “Creación y Distribución de Audios Falsos de Personas Famosas mediante Inteligencia Artificial”. Incorporar los conceptos de audios falsos y personalidades públicas. Determinar que queda prohibida la creación, manipulación, distribución y difusión de audios falsos de personalidades públicas, utilizando inteligencia artificial u otras tecnologías con el propósito de engañar, difamar o perjudicar",Generación de contenido falso,No aplica,No aplica,Si,Código Penal,No,"Si, penales",No cumple
Proyecto de ley,México,LXV/3SPO-119-3385/140948,2024,Senado,Sin info,Ricardo Monreal-Morena,Regular la inteligencia artificial,Marco general,Identificación de contenido generado por IA,Propiedad intelectual,No,No aplica,Si,Incluye sanciones,Test tripartito de la sanción
Proyecto de ley,México,LXV/3SPO-87-3353/140653,2024,Senado,No aprobado,Ruth Alejandra López Hernández (MC),"Propone incluir en la legislación vigente, el concepto de “medios de falsificación digital” entendiéndose esta como la tecnología basada en inteligencia artificial y procesamiento digital utilizada para crear y alterar contenido audiovisual, imágenes, videos, sonidos, textos y noticias virtuales que aparentan ser verídicas pero cuyo contenido es falso. Adicionalmente, propone incluir el delito de violencia digital sexual, por lo que, aquella persona que, mediante el uso de tecnologías de la información y la comunicación, incluyendo el uso de medios de falsificación digital, genere, exponga, distribuya, difunda, exhiba, transmita, comercialice, oferte, intercambie o comparta imágenes, audios o videos reales o simulados, de contenido íntimo sexual de una persona, sin su consentimiento explícito o sin su autorización expresa, se propone que se sancione con una pena de tres a seis años de prisión y una multa de quinientas a mil Unidades de Medida y Actualización",Generación de imágenes íntimas no consentidas,Violencia digital,No aplica,Si,Código penal,No,"Si, civiles",Cumple
Proyecto de ley,México,LXV/3SPO-87-3353/140656,2023,Senado,Sin info,Sin info,"Propone incluir la definición de Inteligencia Artificial, refiriéndose a esta como los sistemas computacionales que se utilizan para simular procesos de aprendizaje, razonamiento y autocorrección mediante la programación de algoritmos. Por lo anterior, se propone incluir el uso de Tecnologías de la Información y Comunicación, así como de Inteligencia Artificial en delitos de violación a la intimidad sexual; violencia digital y cualquier otro que conlleve la acción de distribuir, difundir, exhibir, transmitir, comercializar, ofertar, intercambiar o compartir imágenes, audios o vídeos reales o simulados de contenido íntimo sexual de una persona sin su consentimiento, sin su aprobación o sin su autorización",Violencia digital,Generación de imágenes íntimas no consentidas,No aplica,Si,Código penal,No,"Si, penales",Cumple
Proyecto de ley,México,LXV/3PPO-61-3322/139613,2023,Senado,Sin info,Gustavo Madero-Partido Constitucional Porgresista,"Propone expedir la Ley que Regula el Uso de la Inteligencia Artificial, con el propósito de establecer limitantes y obligaciones al utilizarla para cualquier fin, así como las infracciones y sanciones a quien omita las normativa",Marco general,Régimen de responsbailidad,No aplica,No,No aplica,No,"Si, civiles",No cumple
Proyecto de ley,México,LXV/3PPO-58-3319/139476,2023,Senado,Sin info,César Arnulfo Cravioto Romero (MORENA),"Proyecto de decreto por el que se reforman y adicionan diversas disposiciones del Código Penal Federal. - Propone tipificar los delitos cometidos a través de inteligencia artificial como la manipulación o utilización de obras, imagen o voz de una persona sin su consentimiento a través de algoritmos y/o modelos matemáticos o informáticos. Estos delitos se perseguirán de oficio.",Generación de contenido falso,No aplica,No aplica,Si,Código penal,No,"Si, penales",No cumple
Proyecto de ley,México,LXV/3PPO-48-3309/138046,2023,Senado,Sin info,Gloria Elizabeth Núñez Sánchez (MC),"Proyecto de decreto por el que se reforman los artículos 199 Octies, 200 y 202 del Código Penal Federal - Propone que se incluyan en el catálogo de delitos sexuales los actos que figuren como suplantación de identidad con el propósito de difundir medios audiovisuales, imágenes o de audio de contenido explícito y no censurado de su cuerpo, alterando los datos biométricos de una persona, haciendo el uso de la inteligencia artificial.",Generación de imágenes íntimas no consentidas,Violencia digital,Protección de la niñez,Si,Código penal,No,"Si, penales",Cumple
Proyecto de ley,México,LXV/3PPO-48/139187,2023,Senado,Sin info,Jesús Lucía Trasviña Waldenrath,Proyecto de decreto por el que se reforman diversos artículos de la Ley Federal de Telecomunicaciones y Radiodifusión. - Propone establecer un mecanismo de vigilancia y supervisión de la inteligencia artificial (IA) utilizada en los servicios de telecomunicaciones en México,Marco general,No aplica,No aplica,Si,Ley de telecomunicaciones,No,No,No aplica
Proyecto de ley,México,LXV/3PPO-33-3294/138776,2023,Senado,Sin info,"Geovanna del Carmen Bañuelos de la Torre, Cora Cecilia Pinedo Alonso, Martha Cecilia Márquez Alvarado, Joel Padilla Peña (PT)","Proyecto de decreto por el que se adiciona el Capítulo III al Título Séptimo Bis denominado “Violación a la Intimidad Sexual mediante Inteligencia Artificial” del Código Penal Federal. - Propone tipificar la violación a la intimidad sexual mediante la inteligencia artificial, como las conductas que mediante inteligencia artificial generen, reproduzcan o alteren contenido digital de una persona para elaborar contenido pornográfico sin su consentimiento con el propósito de difundirlos u obtener algún beneficio, quien cometa estos delitos serán sujetos de una sanción que irá de 5 a 9 años de prisión y de 700 a 1, 000 días de multa. Las penas aumentaran si la víctima es menor de edad o no tiene la capacidad de entender el significado del hecho o es una persona que no tiene capacidad para resistir la conducta",Generación de imágenes íntimas no consentidas,Violencia digital,Protección de la niñez,Si,Código penal,No,"Si, penales",Cumple
Proyecto de ley,México,LXV/3PPO-33-3294/138703,2023,Senado,Sin info,Arturo Bours Griffith (MORENA),"Proyecto de decreto por el que se modifica el Titulo Noveno, adiciona un Capítulo III y adiciona diversos artículos del Código Penal Federal. - Propone tipificar diversas conductas que calificarán como delito de uso mal intencionado de la tecnología denominada inteligencia artificial, que serán penadas con 1 a 6 años de prisión y de 200 a 700 días de multa",Generación de contenido falso,Noticias falsas,No aplica,Si,Código penal,No,"Si, penales",No cumple
Proyecto de ley,México,0131-2CP2-23,2023,Cámara de Diputados,,Ignacio Loyola,Establecer los lineamientos de políticas públicas en los Estados Unidos Mexicanos para la regulación ética del uso de la inteligencia artificial y la robótica dentro del territorio nacional.,Marco general,No aplica,No aplica,No,No aplica,No,No,No aplica
Proyecto de ley,Bolivia,PL 310/25,2025,Diputados,En comisión,Salma Tobias-Unidad,"Establecer un marco jurídico que regule el desarrollo, la implementación y utilización de los sistemas de Inteligencia Artificial (en adelante, sistemas I.A.) en el territorio nacional, promoviendo su utilización desde la ética, seguridad y responsabilidad; asegurando la protección de los derechos fundamentales garantizados en la Constitución Política Del Estado en beneficio del desarrollo social y económico del país",Marco general,No aplica,No aplica,No,No aplica,No,"Si, civiles",No aplica
Proyecto de ley,Bolivia,PL 288/25,2025,Diputados,En comisión,Marlene Palma-Partido demócrata cristiano,"Establecer un marco normativo que regule el desarrollo, implementación y uso de tecnologías de inteligencia artificial en el país, garantizando la protección de los derechos fundamentales y derechos humanos",Marco general,No aplica,No aplica,No,No aplica,No,"Si, civiles",No aplica
Proyecto de ley,Bolivia,PL 178/24CS,2025,Senado,En comisión,Claudia Égüez- Partido Creemos,"PROYECTO DE LEY DE PROMOCIÓN, GESTIÓN Y USO DE LA INTELIGENCIA ARTIFICIAL",,,,,,No,,
Proyecto de ley,Chile,17982-19,2025,Senado,Primer trámite constitucional,Francisco Chahuán- Renovación Nacional,promueve el uso ético de la inteligencia artificial en la investigación biomédica.,Otros,No aplica,No aplica,No,No aplica,No,No,No aplica
Proyecto de ley,Chile,17977-06,2025,Cámara de Diputados,Primer trámite constitucional,Cosme Mellado - Partido radical de Chile,"MODIFICA LA LEY Nº18.700, ORGÁNICA CONSTITUCIONAL SOBRE VOTACIONES POPULARES Y ESCRUTINIO, E INCORPORA NORMATIVA SOBRE EL USO DE INTELIGENCIA ARTIFICIAL EN CAMPAÑAS Y EN PERIODOS ELECTORALES",Electoral,Generación de contenido falso,No aplica,Si,LEY Nº18.700,No,Ambas,No cumple
Proyecto de ley,Chile,17808-07,2025,Senado,Primer trámite constitucional,Francisco Chahuán- Renovación Nacional,"modifica el Código Penal, para aumentar las penas de los delitos contra el respeto y protección a la vida privada y pública de la persona y su familia que indica, cometidos con el empleo de Inteligencia Artificial.",Protección de datos personales,No aplica,No aplica,Si,Código penal,No,"Si, penales",No cumple
Proyecto de ley,Chile,17810-19,2025,Senado,Primer trámite constitucional,Francisco Chahuán- Renovación Nacional,"dispone la exigencia que indica para los generadores de contenido de Inteligencia Artificial, y sanciona su incumplimiento",Protección de datos personales,Identificación de contenido generado por IA,No aplica,No,No aplica,No,No,No aplica
Proyecto de ley,Chile,17795-19,2025,Cámara de Diputados,Primer trámite constitucional,Lorena Fries - Frente Amplio,"ESTABLECE PROTECCIÓN A LAS PERSONAS FRENTE AL USO NO CONSENTIDO DE TECNOLOGÍAS DE INTELIGENCIA ARTIFICIAL QUE IMITAN SU IMAGEN, CUERPO O VOZ.",Generación de contenido falso,Protección de datos personales,Régimen de responsbailidad,No,No aplica,Si,"Si, civiles",No cumple
Proyecto de ley,Chile,17791-04,2025,Cámara de Diputados,Primer trámite constitucional,Marta Bravo - Unión Democrática independiente,"MODIFICA LA LEY Nº20.370, GENERAL DE EDUCACIÓN, PARA PROMOVER EL USO ÉTICO DE LA INTELIGENCIA ARTIFICIAL EN RECINTOS EDUCACIONALES, Y ESTABLECER EL DEBER DE CONTAR CON PROTOCOLOS DE ACTUACIÓN FRENTE A HECHOS DE ACOSO ESCOLAR POR LA DIFUSIÓN DE CONTENIDO FALSO GENERADO CON ESTA TECNOLOGÍA",Educación,No aplica,No aplica,Si,LEY Nº20.370,No,No,No aplica
Proyecto de ley,Chile,17618-19,2025,Senado,Primer trámite constitucional,Karim Bianchi,Regula la obligación de establecer un sello claro y rastreable del contenido generado con inteligencia artificial,Identificación de contenido generado por IA,No aplica,No aplica,No,No aplica,No,"Si, civiles",No cumple
Proyecto de ley,Chile,17307-07,2024,Senado,Primer trámite constitucional,Karim Bianchi,"Modifica el Código Penal, con el objeto de tipificar la generación y difusión de imágenes o hechos de carácter privado o íntimo, creados con herramientas de inteligencia artificial",Generación de imágenes íntimas no consentidas,Generación de contenido falso,No aplica,Si,Código penal,No,"Si, penales",No cumple
Proyecto de ley,Chile,17112-19,2024,Cámara de diputados,Primer trámite constitucional,Johannes Kaiser-Partido Nacional Libertario/ Tomás Lagomarsino-Independientes/ Cristóbal Urruticoechea-Partido Republicano,"Establece límites al desarrollo de la inteligencia artificial, en resguardo de los derechos humanos fundamentales",Régimen de responsbailidad,Marco general,No aplica,No,No aplica,No,No,No aplica
Proyecto de ley,Chile,16821-19,2024,Cámara de diputados,Primer trámite constitucional,"Ministerio Secretaría General de la Presidencia | Ministerio de Ciencia, Tecnología, C e I | Ministerio de Defensa Nacional | Ministerio de Desarrollo Social y Famili | Ministerio de Economía, Fomento y Turism | Ministerio de Educación | Ministerio de Hacienda | Ministerio de Justicia y de Derechos Humanos | Ministerio de Relaciones Exteriores | Ministerio de Transporte y Telecomunicaciones | Ministerio del Interior y Seg. Pública",Regula los sistemas de inteligencia artificial,Marco general,Régimen de responsbailidad,No aplica,No,No aplica,No,No,No cumple
Proyecto de ley,Chile,16387-19,2023,Cámara de diputados,Primer trámite constitucional,Jorge Alessandri | Marta Bravo | Juan Antonio Coloma | Eduardo Cornejo | Cristian Labbé | Daniel Lilayu (A) | Cristhian Moreira | Marlene Pérez | Natalia Romero | Flor Weisse,Permite el uso de inteligencia artificial en la evaluación de exámenes de mamografía,Otros,No aplica,No aplica,No,No aplica,No,No,No aplica
Proyecto de ley,Chile,16112-07,2023,Cámara de diputados,Primer trámite constitucional,Alejandro Bernales (A) | Viviana Delgado | Luis Malla | Vlado Mirosevic | Sebastián Videla,Modifica el Código Penal en lo relativo al delito de usurpación de identidad en el contexto de uso de inteligencia artificial,Generación de contenido falso,No aplica,No aplica,Si,No aplica,No,"Si, penales",No cumple
Proyecto de ley,Chile,16021-07,2023,Senado,Primer trámite constitucional,Luz Eliana Ebensperger | Rodrigo Galilea | Ximena Ordenes | Kenneth Pugh | Ximena Rincón,"Modifica el Código Penal, para incorporar, como circunstancia agravante de la responsabilidad, el uso de inteligencia artificial en la comisión de un delito",Otros,No aplica,No aplica,Si,Código penal,No,"Si, penales",No cumple
Proyecto de ley,Chile,15935-07,2023,Cámara de diputados,Primer trámite constitucional,Eric Aedo | Tomás Lagomarsino | Daniel Lilayu | Karen Medina | Erika Olivera | Rubén Dario Oyarzo (A) | Francisco Pulgar | Joanna Pérez | Gaspar Rivas,Modifica el Código Penal para sancionar el mal uso de la inteligencia artificial,Generación de contenido falso,No aplica,No aplica,Si,Código penal,No,"Si, penales",No cumple
Proyecto de ley,Chile,15869-19,2023,Cámara de diputados,Primer trámite constitucional,Eric Aedo | Tomás Lagomarsino (A) | Karen Medina | Cosme Mellado | Erika Olivera | Rubén Dario Oyarzo | Marisela Santibáñez | Nelson Venegas,"Regula los sistemas de inteligencia artificial, la robótica y las tecnologías conexas, en sus distintos ámbitos de aplicación",Marco general,Identificación de contenido generado por IA,No aplica,No,No aplica,Si,"Si, civiles",No aplica
Proyecto de ley,Chile,15884-15,2023,Cámara de Diputados,Moción,,"Modifica la ley N°18.168, General de Telecomunicaciones, para prevenir y sancionar el uso de aplicaciones y plataformas digitales en la comisión de delitos",Protección de la niñez,Otros,No aplica,Si,Ley General de Telecomunicaciones,Si,"Si, civiles",No cumple
Proyecto de ley,Colombia,043/2025S,2025,Cámara de representantes,Trámite en comisión,"Iniciativa Gubernamental/Alirio Uribe Muñoz, Carmen Felisa Ramírez Boscán, Ciro Antonio Rodríguez Pinzón, Cristóbal Caicedo Angulo, David Alejandro Toro Ramírez, David Ricardo Racero Mayorca","promover la generación de conocimiento, el desarrollo de la infraestructura tecnológica y la implementación de la Inteligencia Artificial (IA) en Colombia, el crecimiento económico y la competitividad, con un enfoque territorial, ético, inclusivo, responsable y sostenible, que fortalezca las capacidades científicas, productivas, institucionales y de innovación, y contribuya a la prevalencia de los derechos fundamentales y de los derechos adquiridos en el ordenamiento jurídico vigente, incluido el bloque de constitucionalidad",Marco general,Régimen de responsbailidad,No aplica,No,No aplica,No,Ambas,No cumple
Proyecto de ley,Colombia,141/2025C,2025,Cámara de representantes,Trámite en comisión,"Alirio Uribe Muñoz, Carmen Felisa Ramírez Boscán, David Alejandro Toro Ramírez, Diego Patiño Amariles, Eduard Giovanny Sarmiento Hidalgo","autorizar y regular el uso progresivo de herramientas tecnológicas y de la inteligencia artificial en los consulados de Colombia en el mundo, con el fin de optimizar la prestación de servicios consulares y garantizar una orientación permanente e ininterrumpida a las ciudadanas y los ciudadanos que acceden a los servicios del Ministerio de Relaciones Exteriores, protegiendo sus datos personales y promoviendo el acceso equitativo a la tecnología",Otros,No aplica,No aplica,No,No aplica,No,No,No aplica
Proyecto de ley,Colombia,098/2025C,2025,Cámara de representantes,Trámite en comisión,"Gloria Liliana Rodríguez Valencia -Partido Verde, Olga Lucía Velásquez Nieto, Wilmer Yair Castellanos Hernandez","establecer un marco normativo integral que oriente el desarrollo, uso, implementación y supervisión de sistemas de inteligencia artificial en Colombia, con un enfoque basado en la ética, los derechos humanos, la salud mental, el bienestar emocional, la equidad y la sostenibilidad",Marco general,Régimen de responsbailidad,Otros,No,No aplica,No,No,No aplica
Proyecto de ley,Colombia,384/2025C,2025,Cámara de representantes,Trámite en comisión,Ángela Vergara-Partido conservador,"establecer el marco normativo para la regulación del acceso, uso, supervisión y responsabilidad, asociados a los sistemas de Inteligencia Artificial (IA) en Colombia, con especial énfasis en la protección integral de los niños, niñas y adolescentes en el entorno digital. Este marco busca garantizar que las plataformas y herramientas basadas en Inteligencia Artificial (IA) funcionen de manera ética, transparente y segura, promoviendo entornos digitales confiables que salvaguarden los derechos de la niñez y la adolescencia. Asimismo, la ley se orienta a prevenir y sancionar prácticas que vulneren su integridad, tales como la explotación y el abuso infantil, la manipulación indebida de imágenes, la captación para fines ilícitos y las diferentes formas de acoso y violencia digital.",Marco general,Identificación de contenido generado por IA,Régimen de responsbailidad,Si,Ley 1341 del 2009 y Ley 599 de 2000,Si,Ambas,No cumple
Proyecto de ley,Colombia,417/2025C,2025,Cámara de representantes,Trámite en comisión,Yulieth Sánchez-Centro Democrático,"regular e implementar el uso de la Inteligencia Artificial (IA) en la gestión de las Peticiones, Quejas, Reclamos, Sugerencias y Denuncias (PQRSD) en las entidades públicas del Estado colombiano, garantizando la transparencia, la protección de datos personales, el respeto de los derechos fundamentales y la eficacia en la atención ciudadana.",Otros,No aplica,No aplica,No,No aplica,No,No,No aplica
Proyecto de ley,Colombia,442/2025,2025,Senado,PENDIENTE RENDIR PONENCIA PARA PRIMER DEBATE EN SENADO,Iniciativa gubernamental,"Promover la generación de conocimiento, el desarrollo de la infraestructura tecnológica y la implementación de la inteligencia artificial (IA) en Colombia, con un enfoque territorial, ético, inclusivo, responsable, sostenible, que fortalezca las capacidades científicas, productivas, institucionales y de innovación, y contribuya a la prevalencia de los derechos fundamentales",Marco general,No aplica,No aplica,No,No aplica,Si,"Si, civiles",No aplica
Proyecto de ley,Colombia,293/2024,2024,Senado,PENDIENTE DISCUTIR PONENCIA PARA PRIMER DEBATE EN SENADO,Julio Elías Vidal-Partido de la U,Establece lineamientos para el entreenamiento de modelos o sistemas de IA y se define la gestión colectiva obligatoria de algunas formas de uso de obras protegidas por derecho de autor,Propiedad intelectual,No aplica,No aplica,No,No aplica,No,"Si, civiles",No aplica
Proyecto de ley,Colombia,154/2024C,2024,Cámara de representantes,Archivado,Alirio Uribe Muñoz-Polo Democrático Alternativo/ Karyme Cotes-Partido Liberal,"Por la cual se define y regula la inteligencia artificial, se ajusta a estándares de derechos humanos, se establecen límites frente a su desarrollo, uso e implementación se modifica parcialmente la ley 1581 de 2012 y se dictan otras disposiciones",Marco general,Régimen de responsbailidad,Protección de datos personales,Si,Ley 1581 de 2012-protección de datos personales y Ley 1341 de 2009-Funciones MinTic,No,"Si, civiles",No aplica
Proyecto de ley,Colombia,005/2024C,2024,Cámara de representantes,Archivado,"Olga Velásquez, Gloria Rodríguez, Jaime Raúl Salamanca, Wilmer Castellanos Alianza Verde/ María del Mar Pizarro García-Colombia Humana","Establecer un marco regulatorio basado en principios generales que rijan la creación y utilización de la inteligencia artificial en Colombia, garantizando su desarrollo y aplicación de manera ética, segura, sostenible y equitativa, con un enfoque humanístico centrado en el bienestar de los ciudadanos en todas las etapas implementación, producción, distribución y consumo los contenidos digitales asociados con la inteligencia artificial.",Marco general,Régimen de responsbailidad,No aplica,No,No aplica,No,"Si, civiles",No cumple
Proyecto de ley,Colombia,255/2024,2024,Senado,Archivado,Guido Echeverry-Alianza Verde,"POR LA CUAL SE ESTABLECEN LINEAMIENTOS DE USO DE INTELIGENCIA ARTIFICIAL PARA MEJORAR LA EFICIENCIA EN DISMINUCIÓN DE SINIESTROS VIALES Y SUS COSTOS, AUTOMATIZANDO LOS PROCESOS DE ANÁLISIS Y CONTROL DE RIESGOS DE SINIESTRALIDAD VIAL EN TIEMPO REAL CON IA",Otros,No aplica,No aplica,No,No aplica,No,No,No aplica
Proyecto de ley,Colombia,200/2023C,2023,Cámara de representantes,Archivado,"Karyme Cotes, Alirio Uribe, María Eugenia Lopera ,Sandra Aristizábal, Carmen Ramírez , Gilma Díaz , Flora Perdomo, Dolcey Torres, Mónica Bocanegra , Jezmi Barraza ,Piedad Correal , Álvaro Rueda, Jhoany Palacios , Hugo Archila , Etna Argote ,Eduard Sarmiento , Pedro Súarez , Gabriel Becerra ,David Toro , Jorge Bastidas","POR MEDIO DE LA CUAL SE DEFINE Y REGULA LA INTELIGENCIA ARTIFICIAL, SE ESTABLECEN LÍMITES FRENTE A SU DESARROLLO, USO E IMPLEMENTACIÓN Y SE DICTAN OTRAS DISPOSICIONES",Marco general,No aplica,No aplica,No,No aplica,No,No,No aplica
Proyecto de ley,Colombia,091/2023,2023,Senado,Primer debate,Pedro Flórez-Polo Democrático Alternativo/ Sandra Ramírez-Comunes,Transparencia y el uso responsable de la Inteligencia Artificial,Marco general,No aplica,No aplica,No,No aplica,No,No,No aplica
Proyecto de ley,Colombia,130/2023,2023,Senado,Primer debate,Esteban Quintero-Centro Democrático,Garantizar la estabilidad laboral y la protección de los trabajadores ante la creciente automatización y digitalización de los procesos laborales,Otros,No aplica,No aplica,No,No aplica,No,No,No aplica
Proyecto de ley,Colombia,059/2023,2023,Senado,PENDIENTE DISCUTIR PONENCIA PARA SEGUNDO DEBATE EN SENADO,Guido Echeverry-Alianza Verde,"POR MEDIO DE LA CUAL SE ESTABLECEN LOS LINEAMIENTOS DE POLÍTICA PÚBLICA PARA EL DESARROLLO, USO E IMPLEMENTACIÓN DE INTELIGENCIA ARTIFICIAL Y SE DICTAN OTRAS DISPOSICIONES",Marco general,Protección de datos personales,No aplica,No,No aplica,No,No,No aplica
Proyecto de ley,Ecuador,458726,2024,Asamblea Nacional,En trámite,Pierina Correa-Movimiento Revolución Ciudadana,"Garantizar el uso seguro de internet, redes sociales, medios telemáticos de información y comunicación y/o cualquier plataforma digital para niñas, niños y adolescentes; y regular el desarrollo, la introducción en el mercado, la puesta en servicio y la utilización de sistemas de inteligencia artificial en relación con la niñez y adolescencia en el territorio nacional",Protección de la niñez,Protección de la niñez,No aplica,No,No aplica,Si,No,No cumple
Proyecto de ley,Ecuador,Cod. AN-2024-2990/453516,2024,Asamblea Nacional,En trámite (revisión comisión para primer debate),Karina del Carmen Dávalos-Alianza Actuemos,Fomento y desarrrollo de la IA,Marco general,No aplica,No aplica,No,No aplica,No,No,No aplica
Proyecto de ley,Ecuador,Cod. AN-2024-2928/450889,2024,Asamblea Nacional,En trámite (revisión comisión para primer debate),Silvia Ramos-Movimiento Revolución Ciudadana,Regulación y promoción de la IA,Marco general,Protección de datos personales,Propiedad intelectual,No,No aplica,Si,Ambas,Cumple
Proyecto de ley,Perú,14544/2025-CR,2026,Congreso,En comisión,David Jiménez-Fuerza Popular,"COMPLEMENTAR Y FORTALECER EL MARCO NORMATIVO VIGENTE SOBRE INTELIGENCIA ARTIFICIAL, ESTABLECIENDO MECANISMOS JURÍDICOS VINCULANTES DE TRANSPARENCIA ALGORÍTMICA, GESTIÓN DE RIESGOS, EVALUACIÓN DE IMPACTO, AUDITORÍA, RESPONSABILIDAD Y FISCALIZACIÓN, CON ESPECIAL ÉNFASIS EN LOS SISTEMAS DE INTELIGENCIA ARTIFICIAL DE ALTO RIESGO, GARANTIZANDO LA PROTECCIÓN DE LOS DERECHOS FUNDAMENTALES, LA SEGURIDAD JURÍDICA Y EL INTERÉS PÚBLICO",Marco general,No aplica,No aplica,No,Ley N° 31814,No,No,No aplica
Proyecto de ley,Perú,14531/2025-CR,2026,Congreso,En comisión,Judith Laura Rojas-Podemos Perú,"CREAR EL PROGRAMA NACIONAL DE BECAS EN INTELIGENCIA ARTIFICIAL Y TECNOLOGÍAS EMERGENTES – PROGRAMA BECA IA PERÚ, COMO INSTRUMENTO DE POLÍTICA PÚBLICA ORIENTADO A LA FORMACIÓN DE CAPITAL HUMANO ALTAMENTE CALIFICADO, EN EL MARCO DE LA LEY N.º 31814, SU REGLAMENTO Y LA POLÍTICA NACIONAL DE TRANSFORMACIÓN DIGITAL.",Educación,No aplica,No aplica,No,No aplica,No,No,No aplica
Proyecto de ley,Perú,14530/2025-CR,2026,Congreso,En comisión,Judith Laura Rojas-Podemos Perú,"PROPONE MODIFICAR LA LEY N.º 31297, LEY DEL SERVICIO DE SERENAZGO MUNICIPAL, A FIN DE FORTALECER LA PROFESIONALIZACIÓN DEL PERSONAL DE SERENAZGO, MEJORAR LA INTEROPERABILIDAD OPERATIVA CON LA POLICÍA NACIONAL DEL PERÚ, PROMOVER LA MODERNIZACIÓN TECNOLÓGICA PROGRESIVA DEL SERVICIO E INCORPORAR CRITERIOS MÍNIMOS PARA EL USO INSTITUCIONAL DE ANALÍTICA DE VIDEO E INTELIGENCIA ARTIFICIAL APLICADAS A LA PREVENCIÓN DEL DELITO Y LA SEGURIDAD LOCAL.",Seguridad,No aplica,No aplica,Si,LEY N.º 31297,No,No,No aplica
Proyecto de ley,Perú,13404/2025-CR,2025,Congreso,En comisión,"Dávila Atanacio, Pasión Neomías","PROPONE INCORPORAR LOS ARTÍCULOS 359-D, 359-E Y 359-F AL CÓDIGO PENAL, DENTRO DEL TÍTULO XVIII SOBRE DELITOS CONTRA LA VOLUNTAD POPULAR, A FIN DE TIPIFICAR Y SANCIONAR PENALMENTE LA MANIPULACIÓN ELECTORAL MEDIANTE EL USO DE GRANJAS DE BOTS, CUENTAS FALSAS Y SISTEMAS AUTOMATIZADOS EN PLATAFORMAS DIGITALES, PROTEGIENDO ASÍ LA INTEGRIDAD DEL PROCESO DEMOCRÁTICO Y EL DERECHO CIUDADANO A INFORMACIÓN VERAZ",Electoral,Generación de contenido falso,No aplica,Si,Código Penal,No,"Si, penales",No aplica
Proyecto de ley,Perú,13821/2025-CR,2025,Congreso,En comisión,Edgar Reymundo-Bloque Democrático Popular,"ORTALECER LA POTESTAD SANCIONADORA DEL SISTEMA NACIONAL DE CIENCIA, TECNOLOGÍA E INNOVACIÓN (SINACTI) MEDIANTE LA MODIFICACIÓN DE LA LEY 31250, CON LA FINALIDAD DE INCORPORAR COMO INFRACCIÓN EL USO INAPROPIADO Y ANTIÉTICO MEDIANTE LA COPIA DE INFORMACIÓN EMITIDA A TRAVÉS DE LA HERRAMIENTA DIGITAL DE LA INTELIGENCIA ARTIFICIAL PARA LA ELABORACIÓN DE ARTÍCULOS CIENTÍFICOS; PROYECTOS DE INVESTIGACIÓN, DESARROLLO TECNOLÓGICO E INNOVACIÓN, ENTRE OTROS",Otros,No aplica,No aplica,Si,LEY 31250,No,"Si, civiles",No cumple
Proyecto de ley,Perú,13553/2025-CR,2025,Congreso,En comisión,Jhakeline Ugarte-Partido Politico Nacional Perú Libre,"MODIFICA EL ARTÍCULO 4 DE LA LEY 31814 LEY QUE PROMUEVE EL USO DE LA INTELIGENCIA ARTIFICIAL EN FAVOR DEL DESARROLLO ECONÓMICO Y SOCIAL DEL PAÍS, A FIN DE GARANTIZAR SU IMPLEMENTACIÓN PROGRESIVA Y COLABORATIVA A NIVEL NACIONAL",Marco general,No aplica,No aplica,Si,Ley 31814,No,No,No aplica
Ley,Perú,Ley 32314,2025,Congreso,Sancionada,,"MODIFICA LOS ARTÍCULOS 217, 218, 219, 220, 220-A, 220-B Y 220- C DEL DECRETO LEGISLATIVO N° 635, CÓDIGO PENAL, A FIN DE OPTIMIZAR LA PROTECCIÓN DE LOS DERECHOS DE PROPIEDAD INTELECTUAL ANTE LOS RIESGOS DE LA INTELIGENCIA ARTIFICIAL, Y EL ARTICULO 402 DEL A FIN DE OPTIMIZAR LA PREVENCIÓN DE LA VIOLENCIA CONTRA LA MUJER Y LOS INTEGRANTES DEL GRUPO FAMILIAR Y LOS DELITOS DE CORRUPCIÓN DE FUNCIONARIOS",Propiedad intelectual,Protección de la niñez,Generación de contenido falso,Si,Código penal,No,"Si, penales",No cumple
Proyecto de ley,Perú,13427/2025-CR,2025,Congreso,En comisión,Norma Yarrow-Renovación popular,"FORTALECER LA SEGURIDAD CIUDADANA MEDIANTE EL USO DE LA INTELIGENCIA ARTIFICIAL EN SISTEMAS DE VIDEOVIGILANCIA Y EL CONTROL EN LA ADQUISICIÓN DE CHIPS DE TELEFONÍA MÓVIL, MODIFICANDO EL DECRETO LEGISLATIVO 1218, DECRETO LEGISLATIVO QUE REGULA EL USO DE LAS CÁMARAS DE VIDEOVIGILANCIA, EL CÓDIGO PROCESAL PENAL Y EL CÓDIGO PENAL",Seguridad,No aplica,No aplica,Si,"DECRETO LEGISLATIVO 1218, código penal y código procesal penal",No,"Si, penales",No cumple
Proyecto de ley,Perú,13186/2025-CR,2025,Congreso,En comisión,Ariana Orué-Podemos Perú,"PROYECTO DE LEY QUE MODIFICA LA LEY 31250, LEY DEL SISTEMA NACIONAL DE CIENCIA, TECNOLOGÍA E INNOVACIÓN (SINACTI), A FIN DE FORTALECER LAS SANCIONES POR EL USO INDISCRIMINADO DE INTELIGENCIA ARTIFICIAL",Otros,No aplica,No aplica,Si,LEY 31250,No,"Si, civiles",No cumple
Proyecto de ley,Perú,13175/2025-CR,2025,Congreso,Dictamen,Elizabeth Medina-Somos Perú,"MODIFICAR LA LEY 31814, LEY QUE PROMUEVE EL USO DE LA INTELIGENCIA ARTIFICIAL EN FAVOR DEL DESARROLLO ECONÓMICO Y SOCIAL DEL PAÍS, A FIN DE COMPLEMENTARLA Y ESTABLECER EL MARCO JURÍDICO PARA EL DESARROLLO, PROVISIÓN, DESPLIEGUE Y USO DE SISTEMAS DE INTELIGENCIA ARTIFICIAL (IA) EN EL SECTOR EMPRESARIAL PRIVADO A NIVEL NACIONAL.",Marco general,No aplica,No aplica,No,Ley 31814,No,No,No aplica
Proyecto de ley,Perú,13140/2025-CR,2025,Congreso,En comisión,Edgar Reymundo-Bloque Democrático Popular,MODIFICA LA LEY 31814 A FIN DE ESTABLECER EL PRINCIPIO DE TRAZABILIDAD EN EL USO DE LA INTELIGENCIA ARTIFICIAL,Marco general,No aplica,No aplica,Si,Ley 31814,No,No,No aplica
Proyecto de ley,Perú,13075/2025-CR,2025,Congreso,En comisión,Carlos Anderson-Podemos Perú,"MODIFICAR EL ARTÍCULO 192 DE LA LEY ORGÁNICA DE ELECCIONES, LEY 26859, INCORPORÁNDOSE EN EL SEGUNDO PÁRRAFO",Electoral,Generación de contenido falso,No aplica,Si,LEY 26859,Si,"Si, civiles",No cumple
Proyecto de ley,Perú,13065/2025-CR,2025,Congreso,Retirado,Carlos Anderson-Podemos Perú,"MODIFICAR EL ARTÍCULO 192 DE LA LEY ORGÁNICA DE ELECCIONES, LEY 26859, INCORPORÁNDOSE EN EL SEGUNDO PÁRRAFO",Electoral,Generación de contenido falso,No aplica,Si,LEY 26859,Si,"Si, civiles",No cumple
Proyecto de ley,Perú,13049/2025-CR,2025,Congreso,En comisión,Carlos Anderson-Podemos Perú,"MODIFICAR LA LEY 31814, LEY QUE PROMUEVE EL USO DE LA INTELIGENCIA ARTIFICIAL EN FAVOR DEL DESARROLLO ECONÓMICO Y SOCIAL DEL PAÍS E INCORPORAR EL ARTÍCULO 6 “MEDIDAS PARA IDENTIFICAR EL CONTENIDO SINTÉTICO DE INTELIGENCIA ARTIFICIAL",Identificación de contenido generado por IA,No aplica,No aplica,Si,Ley 31814,No,No,No aplica
Proyecto de ley,Perú,13044/2025-CR,2025,Congreso,En comisión,Jhakeline Ugarte-Partido Politico Nacional Perú Libre,"PROYECTO DE LEY QUE MODIFICA EL ARTÍCULO 3 DE LA LEY 30421, LEY MARCO DE LA TELESALUD, PARA MEJORAR LA ATENCIÓN MÉDICA A DISTANCIA, INCORPORANDO LA INTELIGENCIA ARTIFICIAL",Otros,No aplica,No aplica,Si,LEY 30421,No,No,No aplica
Proyecto de ley,Perú,12564/2025-CR,2025,Congreso,En comisión,David Jiménez-Fuerza Popular,"DISPONER LA INCORPORACIÓN PROGRESIVA Y ARTICULADA DE LA ENSEÑANZA DE TECNOLOGÍAS DE INTELIGENCIA ARTIFICIAL (IA), CIENCIA DE LA COMPUTACIÓN (COMPUTER SCIENCE) Y TECNOLOGÍAS EMERGENTES EN TODAS LAS ETAPAS, NIVELES Y MODALIDADES DEL SISTEMA EDUCATIVO PERUANO",Educación,No aplica,No aplica,No,No aplica,No,No,No aplica
Proyecto de ley,Perú,11896/2024-CR,2025,Congreso,Retirado por su Autor,Isaac Mita-Perú Libre,"DECLARAR DE INTERÉS NACIONAL LA DETECCIÓN TEMPRANA DEL CÁNCER EN LAS ZONAS RURALES PARA ATENDER A PERSONAS CON ESCASOS RECURSOS ECONÓMICOS, MEDIANTE LA IMPLEMENTACIÓN DE CLÍNICAS MÓVILES A NIVEL NACIONAL, EQUIPADAS CON TECNOLOGÍA DE VANGUARDIA E INTELIGENCIA ARTIFICIAL. ESTAS UNIDADES ESTARÁN ASISTIDAS POR UN EQUIPO MULTIDISCIPLINARIO ESPECIALIZADO (INTEGRADO POR MÉDICOS ESPECIALISTAS, OBSTETRAS, ENFERMERAS, TECNÓLOGOS MÉDICOS, TÉCNICOS EN ENFERMERÍA, PILOTOS DE UNIDAD MÓVIL Y PERSONAL DE SOPORTE TÉCNICO) CON EL FIN DE GARANTIZAR UN DIAGNÓSTICO OPORTUNO Y CONTRIBUIR A LA REDUCCIÓN DE LOS ÍNDICES DE MORTALIDAD POR ESTA ENFERMEDAD",No aplica,No aplica,No aplica,No,No aplica,No,No,No aplica
Proyecto de ley,Perú,11632/2024-CR,2025,Congreso,En comisión,Jhakeline Ugarte-Partido Politico Nacional Perú Libre,ESTABLECER EL USO DE LA INTELIGENCIA ARTIFICIAL (IA) PARA LA RECUPERACIÓN Y CONSERVACIÓN DEL CÓNDOR ANDINO (VULTUR GRYPHUS) Y LA PROTECCIÓN DE SU HÁBITAT NATURAL,Otros,No aplica,No aplica,No,No aplica,No,No,No aplica
Proyecto de ley,Perú,11459/2024-CR,2025,Congreso,En comisión,Isaac Mita-Perú Libre,"MODIFICAR LA LEY N° 31814 PARA FORTALECER LA SUPERVISIÓN, REGULACIÓN Y USO ÉTICO DE LA INTELIGENCIA ARTIFICIAL Y LAS TECNOLOGÍAS AVANZADAS. ESTAS MODIFICACIONES TIENEN COMO FINALIDAD GARANTIZAR EL RESPETO A LOS DERECHOS FUNDAMENTALES, PROTEGER LA PRIVACIDAD DE LOS CIUDADANOS, PROMOVER LA TRANSPARENCIA EN EL DESARROLLO DE ESTAS TECNOLOGÍAS Y ESTABLECER MEDIDAS EFICACES PARA PREVENIR SU USO INDEBIDO",Marco general,No aplica,No aplica,Si,Ley N° 31814 de inteligencia artificial,No,No,No aplica
Proyecto de ley,Perú,11436/2024-CR,2025,Congreso,En comisión,Jhakeline Ugarte-Partido Politico Nacional Perú Libre,"REGULAR LA IMPLEMENTACIÓN OBLIGATORIA DE MECANISMOS DE VERIFICACIÓN BIOMÉTRICA, BASADOS EN HUELLAS DACTILARES O TECNOLOGÍAS DE INTELIGENCIA ARTIFICIAL, EN LOS SIGUIENTES SISTEMAS: A) CAJEROS AUTOMÁTICOS DE ENTIDADES FINANCIERAS. B) PUNTOS DE ATENCIÓN EN VENTANILLAS DE ENTIDADES DEL SISTEMA FINANCIERO. C) TERMINALES P.O.S. (PUNTOS DE VENTA) EN ESTABLECIMIENTOS PÚBLICOS",Otros,No aplica,No aplica,No,No aplica,No,No,No aplica
Proyecto de ley,Perú,11026/2024-CR,2025,Congreso,En comisión,Luis Kamiche-Alianza para el progreso,"PROPONE PROMOVER LA UTILIZACIÓN DE SISTEMAS SEGUROS, PROTEGIDOS Y FIABLES DE INTELIGENCIA ARTIFICIAL, PARA CONTRIBUIR A ALCANZAR EL OBJETIVO DE DESARROLLO SOSTENIBLE N° 2: HAMBRE CERO, EN EL PERÚ",Otros,No aplica,No aplica,No,"Ley 31315, Ley de Seguridad Alimentaria y Nutricional",No,No,No aplica
Proyecto de ley,Perú,11232/2024-CR,2025,Congreso,En comisión,Waldemar Cerrón-Perú Libre,"PROPONE INCORPORAR LA INTELIGENCIA ARTIFICIAL (IA) EN EL CURRÍCULO NACIONAL DE LA EDUCACIÓN BÁSICA REGULAR EN TODAS SUS MODALIDADES, EN LOS NIVELES PRIMARIO, SECUNDARIO Y EN EL NIVEL SUPERIOR UNIVERSITARIO Y NO UNIVERSITARIO, CON EL FIN DE ASEGURAR UNA EDUCACIÓN INCLUSIVA, ACCESIBLE Y DE ALTA CALIDAD PARA TODOS LOS ESTUDIANTES DEL PAÍS",Educación,No aplica,No aplica,No,No aplica,No,No,No aplica
Proyecto de ley,Perú,11351/2024-CR,2025,Congreso,En comisión,Nilza Chacón-Fuerza Popular,"PROPONE PROMOVER EL USO DE LA INTELIGENCIA ARTIFICIAL EN LOS PROCESOS DE IDENTIFICACIÓN, CONTROL Y DEPURACIÓN DEL PADRÓN DE BENEFICIARIOS DE LOS PROGRAMAS SOCIALES QUE SON ADMINISTRADOS POR EL MINISTERIO DE DESARROLLO E INCLUSIÓN SOCIAL (MIDIS) A FIN DE DETECTAR DUPLICIDADES, INCOMPATIBILIDADES E IRREGULARIDADES, EN ARAS DE LA TRANSPARENCIA Y LA EFICIENCIA DEL GASTO SOCIAL",Otros,No aplica,No aplica,No,No aplica,No,No,No aplica
Proyecto de ley,Perú,10924/2024-CR,2025,Congreso,En comisión,Margot Palacios-Perú Libre,"PROPONE INCORPORAR LA INTELIGENCIA ARTIFICIAL EN EL CURRÍCULO NACIONAL DE LA EDUCACIÓN BÁSICA REGULAR Y EN EL PLAN DE ESTUDIOS O PROGRAMA ACADÉMICO DE LA EDUCACIÓN SUPERIOR TÉCNICA Y UNIVERSITARIA EN TODAS SUS MODALIDADES, CON EL PROPÓSITO DE ASEGURAR UNA EDUCACIÓN INCLUSIVA, EQUITATIVA, ACCESIBLE Y DE ALTA CALIDAD PARA TODOS LOS ESTUDIANTES DEL PAÍS, PRIORIZANDO LA EQUIDAD EN EL ACCESO A LA TECNOLOGÍA, ESPECIALMENTE EN ÁREAS RURALES Y PERIURBANAS",Educación,No aplica,No aplica,No,No aplica,No,No,No aplica
Proyecto de ley,Perú,10756/2024-CR,2025,Congreso,En comisión,Alfredo Pariona-Bancada Socialista,"PROPONE MODIFICAR LOS ARTÍCULOS 46, 129-M, 196-A DEL CÓDIGO PENAL, DECRETO LEGISLATIVO 635, E INCORPORA EL NUMERAL 5 AL ARTÍCULO 11 DE LA LEY 30096, LEY DE DELITOS INFORMÁTICOS",Protección de la niñez,Generación de contenido falso,No aplica,Si,Codigo penal y ley 30096,No,"Si, penales",No cumple
Proyecto de ley,Perú,10737/2024-CR,2025,Congreso,Retirado,Maria del Carmen Alva-Acción Popular,"PROPONE MODIFICAR LA LEY Nº 31814, “LEY QUE PROMUEVE EL USO DE LA INTELIGENCIA ARTIFICIAL EN FAVOR DEL DESARROLLO ECONÓMICO Y SOCIAL DEL PAÍS, PARA MEJORAR LA CONSTITUCIÓN, RECONOCIMIENTO Y REGISTRO DE LAS OLLAS COMUNES; ASÍ COMO GARANTIZAR SU FINANCIAMIENTO Y SOSTENIBILIDAD",Marco general,No aplica,No aplica,Si,LEY Nº 31814,No,No,No aplica
Proyecto de ley,Perú,10717/2024-CR,2025,Congreso,En comisión,Segundo Montalvo-Perú Libre,"DECLARAR DE INTERÉS NACIONAL Y NECESIDAD PÚBLICA LA INCORPORACIÓN DE LA PEDAGOGÍA EN INTELIGENCIA ARTIFICIAL (IA) EN LA EDUCACIÓN BÁSICA REGULAR EN LOS NIVELES DE PRIMARIA Y SECUNDARIA EN TODO EL TERRITORIO NACIONAL, PARA FOMENTAR SU IMPLEMENTACIÓN EN LAS ESTRATEGIAS DIDÁCTICAS, METODOLÓGICAS Y DE EVALUACIÓN",Educación,No aplica,No aplica,No,No aplica,No,No,No aplica
Proyecto de ley,Perú,10615/2024-CR,2025,Congreso,En comisión,Alfredo Pariona-Bancada Socialista,DECLARAR DE INTERÉS NACIONAL Y NECESIDAD PÚBLICA LA INTEGRACIÓN DE CONTENIDOS VINCULADOS A LA INTELIGENCIA ARTIFICIAL EN EL PLAN DE ESTUDIOS DE LA EDUCACIÓN BÁSICA REGULAR (EBR) DEL CURRÍCULO NACIONAL DE LA EDUCACIÓN BÁSICA,Educación,No aplica,No aplica,No,No aplica,No,No,No aplica
Ley,Perú,10525/2024-CR,2025,Congreso,Aprobada-publicada LEY N° 32314,Idelso García-Alianza para el progreso,"MODIFICA EL CÓDIGO PENAL, DECRETO LEGISLATIVO 635, Y LA LEY 30096, LEY DE DELITOS INFORMÁTICOS, PARA INCLUIR EL USO DE LA INTELIGENCIA ARTIFICIAL EN LA COMISIÓN DE DELITOS",Generación de contenido falso,Protección de la niñez,Propiedad intelectual,Si,Código penal,No,"Si, penales",No cumple
Proyecto de ley,Perú,10279/2024-CR,2025,Congreso,En comisión,María Acuña-Alianza para el Progreso,LEY QUE ESTABLECE LA MODIFICACIÓN DE LA LEY 30220 – LEY UNIVERSITARIA PARA LA MODERNIZACIÓN DEL DISEÑO CURRICULAR CON LA INCORPORACIÓN DE LA INTELIGENCIA ARTIFICIAL Y LAS TECNOLOGÍAS EMERGENTES,Educación,No aplica,No aplica,No,LEY 30220 – LEY UNIVERSITARIA,No,No,No aplica
Proyecto de ley,Perú,10219/2024-CR,2025,Congreso,En comisión,Jhakeline Ugarte-Partido Politico Nacional Perú Libre,LEY QUE ESTABLECE EL USO DE LA INTELIGENCIA ARTIFICIAL PARA LA PROTECCIÓN DE LA VICUÑA Y LA PREVENCIÓN DE SU CAZA FURTIVA,Otros,No aplica,No aplica,No,No aplica,No,No,No aplica
Proyecto de ley,Perú,09713/2024-CR,2024,Congreso,Dictamen,Jhakeline Ugarte-Partido Politico Nacional Perú Libre,"PROPONE CREAR EL SISTEMA NACIONAL DE VIDEOVIGILANCIA CON INTELIGENCIA ARTIFICIAL PARA EL RECONOCIMIENTO BIOMÉTRICO Y EL FONDO DEL SISTEMA NACIONAL DE VIDEOVIGILANCIA, MEDIDA ORIENTADA A FORTALECER LA LUCHA CONTRA LA INSEGURIDAD CIUDADANA EN EL PAÍS A TRAVÉS DE LA DISUASIÓN Y LA INVESTIGACIÓN EN CASOS DE COMISIÓN DE FALTAS Y/O DELITOS",Seguridad,No aplica,No aplica,No,No aplica,No,No,No cumple
Proyecto de ley,Perú,08969/2024-CR,2024,Congreso,En comisión,Flavio Cruz-Partido Politico Nacional Perú Libre,Propone mejorar la eficiencia y seguridad del sistema financiero en el país mediante la implementación de la inteligencia artificial a nivel nacional priorizando la protección de los datos personales y derechos del consumidor,Protección de datos personales,Derecho del consumidor,No aplica,No,No aplica,No,No,No aplica
Ley,Perú,08746/2024-CR,2024,Congreso,Aprobada-Publicada,Isaac Mita-Perú Libre,"MODIFICAR EL CÓDIGO PENAL, LITERAL E) NUMERAL 2° ARTÍCULO 46'; SEGUIDAMENTE MODIFICAR EL ARTÍCULO 196-A INCORPORANDO EL NUMERAL 7) PARA EL DELITO DE ESTAFA",Generación de contenido falso,Protección de la niñez,Propiedad intelectual,Si,Código penal,No,"Si, penales",No cumple
Proyecto de ley,Perú,08223/2023-CR,2024,Congreso,En comisión,Flavio Cruz-Partido Politico Nacional Perú Libre,"PROPONE REGULAR EL DESARROLLO, IMPLEMENTACIÓN Y USO DE LA INTELIGENCIA ARTIFICIAL (IA) EN EL PERÚ, PROMOVIENDO SU APROVECHAMIENTO ÉTICO, SEGURO Y RESPONSABLE, EN BENEFICIO DEL DESARROLLO ECONÓMICO Y SOCIAL, GARANTIZANDO EL RESPETO A LOS DERECHOS FUNDAMENTALES",Marco general,Protección de datos personales,No aplica,No,No aplica,No,"Si, civiles",No cumple
Proyecto de ley,Perú,07687/2023-CR,2024,Congreso,En comisión,Guido Bellido-Podemos Perú,"Se declara de necesidad pública e interés nacional la implementación de cámaras de videovigilancia con inteligencia artificial en el territorio nacional, como medida de lucha contra la inseguridad ciudadana, a efecto de prevenir, investigar y sancionar la comisión de faltas y delitos",Seguridad,No aplica,No aplica,No,No aplica,No,No,No cumple
Proyecto de ley,Perú,07651/2023-CR,2024,Congreso,En comisión,Cruz Maria Zeta-Fuerza Popular,PROPONE REGULAR EL USO DEL ALGORITMO Y TÉCNICAS DE INTELIGENCIA ARTIFICIAL PARA EL RECONOCIMIENTO EN TIEMPO REAL DE LAS PLACAS DE RODAJE DE MEDIOS DE TRANSPORTE QUE HAYAN SIDO REPORTADOS COMO ROBADOS Y PLACAS DE RODAJE QUE HAYAN SIDO ADULTERADOS,Otros,No aplica,No aplica,No,No aplica,No,No,No aplica
Proyecto de ley,Perú,07619/2023-CR,2024,Congreso,En comisión,Jorge Luis Flores-Acción Popular,"Establecer el marco legal para el fomento, desarrollo, uso, y regulación de la inteligencia artificial (IA) en la administración pública, promoviendo su uso ético, responsable, y eficiente para mejorar la calidad de los servicios públicos, asegurando la protección de datos, la privacidad, y los derechos fundamentales de los ciudadanos",Marco general,Protección de datos personales,No aplica,No,No aplica,No,No,No aplica
Proyecto de ley,Perú,07444/2023-CR,2024,Congreso,En comisión,Jorge Luis Flores-Acción Popular,"Establecer el marco legal para el fomento, desarrollo, uso, y regulación de la inteligencia artificial (IA) en la administración pública, promoviendo su uso ético, responsable, y eficiente para mejorar la calidad de los servicios públicos, asegurando la protección de datos, la privacidad, y los derechos fundamentales de los ciudadanos.",Marco general,Protección de datos personales,No aplica,No,No aplica,No,No,No aplica
Proyecto de ley,Perú,07072/2023-CR,2024,Congreso,En comisión,Cruz Maria Zeta-Fuerza Popular,PROPONE MODIFICAR EL CÓDIGO PENAL APROBADO POR EL DECRETO LEGISLATIVO Nº 635 SANCIONANDO EL USO INDEBIDO DE LAS DIVERSAS TECNOLOGÍAS DE INTELIGENCIA ARTIFICIAL PARA PROTEGER BIENES JURÍDICOS COMO LA LIBERTAD SEXUAL Y DERECHO AL HONOR.,Generación de contenido falso,Protección de la niñez,No aplica,Si,Código penal,No,"Si, penales",No cumple
Proyecto de ley,Perú,07033/2023-CR,2024,Congreso,En comisión,Carlos Zeballos-Acción Popular,"PROPONE ESTABLECER EL MARCO LEGAL PARA EL USO Y REGULACIÓN DE LA INTELIGENCIA ARTIFICIAL EN EL TERRITORIO NACIONAL, CON EL FIN DE GARANTIZAR LA PROTECCIÓN DE LOS DERECHOS FUNDAMENTALES, LA PRIVACIDAD Y LA SEGURIDAD DE LOS CIUDADANOS, FOMENTANDO LA TRANSPARENCIA, LA ÉTICA, INNOVACIÓN Y EL PROGRESO EN EL CAMPO DE LA INTELIGENCIA ARTIFICIAL EN BENEFICIO DE LOS CIUDADANOS PERUANOS Y EVITANDO RIESGOS Y CONSECUENCIAS NEGATIVAS",Marco general,Régimen de responsbailidad,Protección de datos personales,No,No aplica,No,"Si, civiles",No cumple
Proyecto de ley,Perú,06927/2023-CR,2024,Congreso,En comisión,Jhakeline Ugarte-Partido Politico Nacional Perú Libre,PROPONE ESTABLECER LA OBLIGACIÓN DE USO DE LA INTELIGENCIA ARTIFICIAL EN LAS ENTIDADES PÚBLICAS,Marco general,No aplica,No aplica,No,No aplica,No,No,No aplica
Ley,Perú,Ley 31814,2023,Congreso,Sancionada,,"La ley establece principios para el desarrollo y uso de la inteligencia artificial, como estándares de seguridad basados en riesgos, enfoque de pluralidad de participantes, gobernanza de internet, desarrollo ético y protección de la privacidad de la inteligencia artificial.",Marco general,No aplica,No aplica,No,No aplica,No,No,No aplica
Ley,Perú,06852/2023-CR,2024,Congreso,Aprobada-publicada LEY N° 32082,Jorge Arturo Zeballos Aponte,LEY QUE DISPONE LA IMPLEMENTACIÓN PROGRESIVA DE LA TRANSFORMACIÓN DIGITAL EN LAS OFICINAS CONSULARES DEL PERÚ,Otros,No aplica,No aplica,No,No aplica,No,No,No aplica
Proyecto de ley,Perú,06573/2023-CR,2023,Congreso,En comisión,María del Carmen Alva-Acción Popular,LEY QUE INCORPORA COMO CIRCUNSTANCIA AGRAVANTE LA UTILIZACIÓN DE LA INTELIGENCIA ARTIFICIAL PARA LA COMISIÓN DE DELITOS,Generación de contenido falso,Propiedad intelectual,No aplica,Si,Código penal,No,"Si, penales",No cumple
Proyecto de ley,Perú,06524/2023-CR,2023,Congreso,En comisión,Esdras Medina-Renovación Popular,"PROPONE REGULAR Y PRECISAR EL ETIQUETADO DIGITAL EN SISTEMAS Y APLICACIONES ESPECÍFICAMENTE CUANDO SE EMPLEA INTELIGENCIA ARTIFICIAL Y EN EL PROCESO DE INTERACCIÓN, CREACIÓN Y DESARROLLO DE CONTENIDOS DIGITALES",Identificación de contenido generado por IA,No aplica,No aplica,No,No aplica,No,No,No aplica
Proyecto de ley,Perú,05959/2023-CR,2023,Congreso,En comisión,Paul Gutiérrez-Partido Politico Nacional Perú Libre,"PROPONE REGULAR EL EXPEDIENTE JUDICIAL ELECTRÓNICO (EJE) EN EL ÁMBITO DE LA ADMINISTRACIÓN DE JUSTICIA EN EL PERÚ, A FIN DE MODERNIZAR Y AGILIZAR LOS PROCEDIMIENTOS JUDICIALES DESARROLLANDO SOBRE LA BASE DEL SOFTWARE LIBRE, GARANTIZANDO EL ACCESO A LA JUSTICIA DE MANERA EFICIENTE Y TRANSPARENTE A LA CIUDADANÍA",Marco general,No aplica,No aplica,No,No aplica,No,No,No aplica
Proyecto de ley,Perú,05814/2023-CR,2023,Congreso,En comisión,Jhakeline Ugarte-Partido Politico Nacional Perú Libre,PROPONE LEY DE REFORMA CONSTITUCIONAL QUE ESTABLECE EL USO DE LA INTELIGENCIA ARTIFICIAL COMO UNA DE LAS ATRIBUCIONES DEL MINISTERIO PÚBLICO,Seguridad,No aplica,No aplica,Si,Constitución Política,No,No,No aplica
Proyecto de ley,Perú,05763/2023-CR,2023,Congreso,En comisión,Jhakeline Ugarte-Partido Politico Nacional Perú Libre,PROPONE LEY DE REFORMA CONSTITUCIONAL QUE ESTABLECE EL USO DE LA INTELIGENCIA ARTIFICIAL COMO UNO DE LOS PRINCIPIOS DE LA ADMINISTRACIÓN DE JUSTICIA,Otros,No aplica,No aplica,Si,Constitución Política,No,No,No aplica
Proyecto de ley,Perú,05183/2022-CR,2023,Congreso,En comisión,Flavio Cruz-Partido Politico Nacional Perú Libre,"FOMENTAR EL USO DE LA INTELIGENCIA ARTIFICIAL EN LA MEJORA DE LA SEGURIDAD CIUDADANA EN EL PERÚ, LA TÉCNICA DE INTELIGENCIA ARTIFICIAL ES UNA HERRAMIENTA PARA PREVENIR, INVESTIGAR Y SANCIONAR FALTAS O DELITOS, EVITANDO EL RIESGO DE LA VIDA HUMANA",Seguridad,No aplica,No aplica,No,No aplica,No,No,No aplica
Proyecto de ley,Perú,05182/2022-CR,2023,Congreso,En comisión,Flavio Cruz-Partido Politico Nacional Perú Libre,"PROPONE MEJORAR LA EFICIENCIA Y SEGURIDAD DEL SISTEMA DE TRANSPORTE EN EL PAÍS A TRAVÉS DE LA IMPLEMENTACIÓN DE TECNOLOGÍAS AVANZADAS, COMO ES LA INTELIGENCIA ARTIFICIAL",Otros,No aplica,No aplica,No,No aplica,No,No,No aplica
Proyecto de ley,Paraguay,D-2584139,2025,Cámara de diputados,Primer trámite constitucional,María Abed de Zacarías. Rodrigo Gamarra-ANR,PROMUEVE EL USO DE LA INTELIGENCIA ARTIFICIAL EN FAVOR DEL DESARROLLO ECONÓMICO Y SOCIAL DEL PAÍS,Marco general,No aplica,No aplica,No,No aplica,No,No,No aplica
Proyecto de ley,Paraguay,S-2502197,2025,Senado,Primer trámite constitucional,Natalicio Chase Acosta-ANR,"REGULA Y PROMUEVE LA CREACIÓN, DESARROLLO, INNOVACIÓN E IMPLEMENTACIÓN DE SISTEMAS DE INTELIGENCIA ARTIFICIAL (IA)",Marco general,Régimen de responsbailidad,No aplica,No,No aplica,No,"Si, civiles",No cumple
Proyecto de ley,Costa Rica,24875,2025,Asamblea legislativa,En comisión,Vanessa De Paul Castro-Partido Unidad Social Cristiana,Regular la IA en los procesos electorales,Electoral,Identificación de contenido generado por IA,No aplica,Si,Código electoral,No,"Si, civiles",No cumple
Proyecto de ley,Costa Rica,24484,2024,Asamblea legislativa,En comisión,Johana Obando-Partido Liberal Progresista,Regular la implementación de sistemas de IA,Marco general,Generación de contenido falso,Propiedad intelectual,No,No aplica,No,No,No cumple
Proyecto de ley,Costa Rica,23771,2023,Asamblea legislativa,Plenario,Vanessa De Paul Castro-Partido Unidad Social Cristiana,"Regular el desarrollo, la implementación y el uso de la inteligencia artificial en Costa Rica, en concordancia con los principios y derechos establecidos en la Constitución Política de 1949 y los tratados internacionales de los que Costa Rica sea parte. La presente ley se centra en la protección y promoción de la dignidad, los derechos humanos y el bienestar de la persona humana.",Marco general,No aplica,No aplica,No,No aplica,No,"Si, civiles",No cumple
Proyecto de ley,Costa Rica,23919,2023,Asamblea legislativa,Plenario,Oscar Izquierdo-Partido Liberación Nacional,"Promoción del uso, la investigación, diseño, desarrollo, despliegue, utilización, implementación y aplicación de la Inteligencia Artificial, en adelante ""(IA)"" en Costa Rica, de conformidad con los principios de la ética, responsabilidad, dignidad humana, igualdad, equidad y la transparencia, a efectos de tutelar los derechos de las personas, ante el nuevo cambio tecnológico y contribuir al mejoramiento de las condiciones, sociales, laborales, económicas, ambientales, productivas y humanas del país.",Marco general,No aplica,No aplica,No,No aplica,No,"Si, civiles",No aplica
